Districts	States	Regions	2020	2021	2022	2023	2024
Ahmednagar	Maharashtra	West	174587237	263469344	219510483	116699728	428989532
Akola	Maharashtra	West	181228065	155494857	444944609	224088259	491637929
Amravati	Maharashtra	West	431638539	310931730	393612476	328168584	143690298
Beed	Maharashtra	West	338593707	332477798	306268502	444871365	270024720
Bhandara	Maharashtra	West	209012116	336738182	155262917	187356181	349775689
Buldhana	Maharashtra	West	321356853	325189978	472655416	409518723	292974639
Chandrapur	Maharashtra	West	464903715	368758202	338776818	362605670	153248695
Osmanabad	Maharashtra	West	403353984	161732841	236100345	337751396	138843958
Dhule	Maharashtra	West	176564836	262797937	438499100	110437330	191128269
Gadchiroli	Maharashtra	West	178798791	368538469	215091403	206106754	307147435
Gondia	Maharashtra	West	383162939	213711966	358552812	177602466	270549638
Hingoli	Maharashtra	West	209134190	137781914	128516495	396371349	362361522
Jalgaon	Maharashtra	West	286809900	453111362		114758751	109607226
Jalna	Maharashtra	West	200991851	452842800	458226265	142677083	237247841
Kolhapur	Maharashtra	West	360347301	218900113	214981536	145643482	494347973
Latur	Maharashtra	West	333808405	435984375	236307871	209097567	486437575
MumbaiCity	Maharashtra	West	316327403	493847469	200918607		437266152
MumbaiSuburban	Maharashtra	West	426340526	252055421	334186834	395712150	130176702
Nanded	Maharashtra	West	441282388	149391155	145912045	258427686	220792260
Nandurbar	Maharashtra	West	215787225	438999604	181301309	408981598	290899380
Nagpur	Maharashtra	West	364229255	145313882	323590808	449778741	211539048
Nashik	Maharashtra	West	335554064	444712669	346101261	337983337	326337474
Palghar	Maharashtra	West	312848293	367976928	350618000	382638020	474657430
Parbhani	Maharashtra	West	250578326	318243965	274785607	288860744	108520767
Pune	Maharashtra	West	324604022	268950468	404879910	250126652	475463119
Raigad	Maharashtra	West	355879391	126416821	336213263	472069461	380428480
Ratnagiri	Maharashtra	West	472997223	246037171	463560900	334430982	351326029
Chhatrapati Sambhajinagar	Maharashtra	West	412680441	290765099	275261696	249626148	390450759
Sangl	Maharashtra	West	433945738	332758568	466930144	216849269	176796777
Satara	Maharashtra	West	266838588	290044862	131617175	299603259	238456374
Sindhudurg	Maharashtra	West	330780969	415207374	213565477	256413465	435715812
Solapur	Maharashtra	West	109302041	449180578	362227241	181130405	382039857
Thane	Maharashtra	West	410922575	216043580	365791803	499987793	310968352
Wardha	Maharashtra	West	145643482	113501388	169862972	394186224	321332438
Washim	Maharashtra	West	398776208	212234870	367085788	119031342	207254249
Yavatmal	Maharashtra	West	129663991	143202002	334260079	144044312	132032227
Agra	UttarPradesh	North	417404706	309259316	102124088	181228065	181447798
Aligarh	UttarPradesh	North	236002685	203396710	418051699	493725395	297491379
AmbedkarNagar	UttarPradesh	North	424875637	333454390	415060885	109729300	122608111
Amethi	UttarPradesh	North	246977142	423776971	127100436	465721611	454637288
Amroha	UttarPradesh	North	421884823	473448897	193044831	408847316	445323039
Auraiya	UttarPradesh	North	461436812	105005035	492858669	390572833	262749107
Ayodhya	UttarPradesh	North	303155614	352302622	470165106	391561632	389730522
Azamgarh	UttarPradesh	North	346198920	309613331	463707389	240079958	479979858
Baghpat	UttarPradesh	North	398251290	494201484	360078738	183120212	206448561
Bahraich	UttarPradesh	North	195596179	241227454	493762017	281756035	339472640
Ballia	UttarPradesh	North	126026184	412790308	236454359	443833736	195803705
Balrampur (UP)	UttarPradesh	North	190115055	339057589	448716697	193887142	105310220
Banda	UttarPradesh	North	222086245	242631306	296356090	305401776	418918424
Barabanki	UttarPradesh	North	302264473	242887661	262114322	241886654	107934812
Bareilly	UttarPradesh	North	340388196	211197241	114429151	397372357	151673940
Basti	UttarPradesh	North	336237678	269548631	320209357	481908628	459569079
Bhadohi	UttarPradesh	North	327179785	355879391	474999237	402633748	463023774
Bijnor	UttarPradesh	North	457176428	232926420	178432569	281218909	282134465
Budaun	UttarPradesh	North	370088809	178493606	103515732	176723533	115161595
Bulandshahr	UttarPradesh	North	116846217	387215797	170778527	173415326	493578906
Chandauli	UttarPradesh	North	384627827	449705497	361445967	140321054	156422620
Chitrakoot	UttarPradesh	North	164503921	227140110	410470901	251347392	442649617
Deoria	UttarPradesh	North	267363506	376143681	364851833	461973938	355671865
Etah	UttarPradesh	North	394955291	489159826	450706504	192812891	408651998
Etawah	UttarPradesh	North	267217017	475499741	392294077	336310923	463060397
Farrukhabad	UttarPradesh	North	480394910	213589892	124610126	261076693	438987396
Fatehpur	UttarPradesh	North	155641346	417600025	306683554	482421339	222867519
Firozabad	UttarPradesh	North	208474990	400888089	265654469	476390882	435984375
GautamBuddhaNagar	UttarPradesh	North	161305581	234476760	282866909	287713248	362044130
Ghaziabad	UttarPradesh	North	455894650	473656423	373067416	464964752	474120304
Ghazipur	UttarPradesh	North	426340526	328131962	454942473	255046235	281682791
Gonda	UttarPradesh	North	215189062	491442610	481444747	308124027	479186377
Gorakhpur	UttarPradesh	North	489049959	261284219	426389355	223734245	339399396
Hamirpur (UP)	UttarPradesh	North	112060914	306817835	169252601	486986908	283306375
Hapur	UttarPradesh	North	251860103	455455184	371419416	279815058	476195563
Hardoi	UttarPradesh	North	451036104	448558001	448289438	196975615	332758568
Hathras	UttarPradesh	North	103039643	289605396	146852015	396749779	364815211
Jalaun	UttarPradesh	North	359566027	321979431	264055299	141871395	420212409
Jaunpur	UttarPradesh	North	177785577	343549913	482164984	304559465	284954375
Jhansi	UttarPradesh	North	114050721	376619770	157094027	257890561	388790552
Kannauj	UttarPradesh	North	216360973	112500381	368514054	124073000	416135136
KanpurDehat	UttarPradesh	North	475231178		457567065	135316019	116638691
KanpurNagar	UttarPradesh	North	462303538	356233406	282341990	278496658	171901608
Kasganj	UttarPradesh	North	230265206	486852627	479747918	240311899	259343242
Kaushambi	UttarPradesh	North	144337290	130103457	249528489	464073611	293194372
Kushinagar	UttarPradesh	North	213943907	348225349	493176062	303106784	274700156
LakhimpurKheri	UttarPradesh	North	348469497	183230079	245670949	353193762	360750145
Lalitpur	UttarPradesh	North	303765984	309503464	192422254	429807429	299761956
Lucknow	UttarPradesh	North	422336497	221134068	433579516	444492935	242619098
Maharajganj	UttarPradesh	North	228910184	108203375	414951018	283306375	245133824
Mahoba	UttarPradesh	North	461082797	102478102	329975280	334345531	434739220
Mainpuri	UttarPradesh	North	270976897	316132084	220438246	484154790	475341045
Mathura	UttarPradesh	North	217923520	252482681	129615161	252470473	131031220
Mau	UttarPradesh	North	224137089	348078860	197585986	291937010	359773553
Meerut	UttarPradesh	North	265105136	138013855	206289865	179274880	210257271
Mirzapur	UttarPradesh	North	217276528	246879482	354390088	198220771	101770073
Moradabad	UttarPradesh	North	483483383	468919950	298101749	122583697	107361064
Muzaffarnagar	UttarPradesh	North	195303201	353669851	365022736	212808618	400192267
Pilibhit	UttarPradesh	North	316754662	318280587	498083438	491320536	256535539
Pratapgarh (UP)	UttarPradesh	North	297735527	248490860	118347727	106994842	452403333
Prayagraj	UttarPradesh	North	164027833	340156255	215225684	170094912	193948179
Raebareli	UttarPradesh	North	370882290	353010651	492712180	340925321	217532883
Rampur	UttarPradesh	North	254155095	354121525	397238075	121472823	140162358
Saharanpur	UttarPradesh	North	453343303	375460067	316217536	296636860	375203711
Sambhal	UttarPradesh	North	396249275	414218574	162916959	371321757	195596179
SantKabirNagar	UttarPradesh	North	335041353	397665334	213638722	214139225	487499619
Shahjahanpur	UttarPradesh	North	382540361	133143101	430967132	318036439	226749473
Shamli	UttarPradesh	North	256242561	104528946	138209173	134937589	351313822
Shravasti	UttarPradesh	North	183059175	143433942	200711081	297882015	346931364
Siddharthnagar	UttarPradesh	North	335749382	288555559	290948210	445664846	462816248
Sitapur	UttarPradesh	North	266484573	393026521	291924802	486059145	252043214
Sonbhadra	UttarPradesh	North	446275216	375057222	290020447	333954894	357332072
Sultanpur	UttarPradesh	North	256596576	345735038	232206183	167275002	410422071
Unnao	UttarPradesh	North	440391248	358772546	319232765	269792779	186062196
Varanasi	UttarPradesh	North	341718803	336188849	244096194	419711906	475109104
Anjaw	ArunachalPradesh	East	321417890	467442855	407113865	157008575	294085513
Changlang	ArunachalPradesh	East	441917173	363301493	378548540	172475356	337824641
DibangValley	ArunachalPradesh	East	201736503	326020081	217447432	113489181	425095371
EastKameng	ArunachalPradesh	East	358882412	348432875	417001862	469725639	226029237
EastSiang	ArunachalPradesh	East	144715720	232572405	416696677	382845546	344294565
Kamle	ArunachalPradesh	East	433970153	181728568	471495713	452879422	207315286
KraDaadi	ArunachalPradesh	East	496435439	427036348	475621815	306109806	193496505
KurungKumey	ArunachalPradesh	East	271819208	183950316	100622577	108398693	460667745
LepaRada	ArunachalPradesh	East	330085147	384444716	109814752	439243752	421665090
Lohit	ArunachalPradesh	East	100451673	371614735	478380688	269072542	148915067
Longding	ArunachalPradesh	East	198611408	446531572	317938780	440098270	318915372
LowerDibangValley	ArunachalPradesh	East	183059175	379195532	153773613	354988251	334882656
LowerSiang	ArunachalPradesh	East	169447920	168532365	186196478	318707846	473863949
LowerSubansiri	ArunachalPradesh	East	422837001	115320291	271758171	344245735	370748009
Namsai	ArunachalPradesh	East	151356547	453147985	344843898	494775232	121314127
Pakke-Kessang	ArunachalPradesh	East	158595538	458250679	237992492	123401593	410910367
PapumPare	ArunachalPradesh	East	263884396	318512528	234073916	488720359	401852474
ShiYomi	ArunachalPradesh	East	388167974	181521042	156019776	134180730	398483230
Siang	ArunachalPradesh	East	298113956	455064547	416476944	236039308	464122441
Tawang	ArunachalPradesh	East	124842066	492016358	389938048	355476547	108081301
Tirap	ArunachalPradesh	East	221134068	213687551	107873775	408847316	158253731
UpperSiang	ArunachalPradesh	East	144276253	309784234	163490707	388998078	440672018
UpperSubansiri	ArunachalPradesh	East	436851101	387435530	139991454	404367199	240275277
WestKameng	ArunachalPradesh	East	260112308	373909726	244450209	401510666	410788293
WestSiang	ArunachalPradesh	East	182021546	349800104	165907773	467662588	387032686
Baksa	Assam	East	130640583	267790765	332636494	368477432	392306284
Barpeta	Assam	East	459385968	444566180	323346660	203372295	356184576
Biswanath	Assam	East	493090610	174330881	220963164	111230811	245817438
Bongaigaon	Assam	East	138233588	235526597	430784021	351423689	167018646
Cachar	Assam	East	497595142	443870358	380745873	474059267	189138462
Charaideo	Assam	East	138319040	368953520	357954650	201980651	275652333
Chirang	Assam	East	320807520	336664937	385653249	497314372	341792047
Darrang	Assam	East	404110843	427304911	134937589	257475509	222037415
Dhemaji	Assam	East	126221503	437009797	183681753	459569079	225333415
Dhubri	Assam	East	324213385	109961241	292791528	362117374	386532182
Dibrugarh	Assam	East	358809168	277105014	101806695	434006775	183120212
DimaHasao	Assam	East	404733421	414902188	113940855	364595477	159743034
Goalpara	Assam	East	361775567	307123020	275176244	383455916	346845912
Golaghat	Assam	East	415268411	464537492	162294381	304779199	452586444
Hailakandi	Assam	East	435593738	150917081	181191442	253556932	271001312
Hojai	Assam	East	342976165	270342112	309747612	172841578	101953184
Jorhat	Assam	East	372493668	147962889	178066347	464879300	133143101
Kamrup	Assam	East	362361522	112280648	130860316	326911222	212857448
KamrupMetropolitan	Assam	East	444297617	347639393	248393200	102600177	103894161
KarbiAnglong	Assam	East	107959227	172524186	446775720	325543992	468932158
Karimganj	Assam	East	447117527	245194861	180166020	206179998	179665517
Kokrajhar	Assam	East	471568957	457860043	416049684	281499680	391390729
Lakhimpur	Assam	East	363826411	277568895	231205176	321442305	490148626
Majuli	Assam	East	387459945	120191045	143079928	125720999	279912717
Morigaon	Assam	East	142847987	282024598	367122410	144386120	293585009
Nagaon	Assam	East	466905729	292620624	153260902	433530687	179409161
Nalbari	Assam	East	462059389	212369152	289165929	108191167	204983672
Sivasagar	Assam	East	346516312	345612964	119238868	159572130	132789086
Sonitpur	Assam	East	396798609	255156102	124817651	193948179	315301981
SouthSalmara-Mankachar	Assam	East	275774407	488512834	164467299	204080324	252848903
Tinsukia	Assam	East	493481247	141822565	492895291	130909146	404684591
Udalguri	Assam	East	435264138	341596729	367281106	439487900	224918363
WestKarbiAnglong	Assam	East	113098544	363289285	323761712	343501084	278289132
BiswanathChariali	Assam	East	399508652	336310923	393099765	115417951	187331766
Bajali	Assam	East	103991821	209707938	166713461	149586474	410214545
Araria	Bihar	East	287896359	214322336	142335276	279107028	378072451
Arwal	Bihar	East	338410596	130787072	198062074	469017610	419711906
Aurangabad	Bihar	East	331501206	141041291	167983031	449168371	133533738
Banka	Bihar	East	455137791	290984832	207095553	110998870	272856838
Begusarai	Bihar	East	275701163	274346141	439512315	312909330	429648732
Bhagalpur	Bihar	East	138026062	429050569	331452376	225821711	154237495
Bhojpur	Bihar	East	485741753	486913664	458726768	330341502	414987640
Buxar	Bihar	East	480394910	472862942	289300211	178591265	134498123
Darbhanga	Bihar	East	276445814	178469191	218265328	472801905	352851955
EastChamparan(Motihari)	Bihar	East	485522020	257951598	162709433	182033753	123780022
Gaya	Bihar	East	497656179	384078494	284868923	349714652	111145359
Gopalganj	Bihar	East	186049989	402328563	274871059	160109256	194766075
Jamui	Bihar	East	222611163	334858242	237113559	334284494	468272958
Jehanabad	Bihar	East	277898495	350032045	223331400	355977050	435361797
Kaimur(Bhabua)	Bihar	East	160402234	310296945	441563158	436875515	288177129
Katihar	Bihar	East	409018220	462584308	132398449	195303201	497875912
Khagaria	Bihar	East	391146581	483971679	160817285	444615009	309356975
Kishanganj	Bihar	East	389254433	259807123	319513535	119837031	399874874
Lakhisarai	Bihar	East	258745079	359285257	304095584	496569720	139759514
Madhepura	Bihar	East	244254890	340827662	484044924	366353343	351387066
Madhubani	Bihar	East	397054964	167702261	402902311	245487838	104272591
Munger	Bihar	East	275066378	200711081	271294290	432444228	484057131
Muzaffarpur	Bihar	East	362886441	308746605	473876156	320954009	100610370
Nalanda	Bihar	East	354170354	350044252	490319529	293414106	189553514
Nawada	Bihar	East	453392133	399447615	365669729	402829066	236771752
Patna	Bihar	East	239848018	292229987	421213416	363240455	188320566
Purnia	Bihar	East	445286417	220499283	228214362	289959410	195217749
Rohtas	Bihar	East	172585223	267058321	385750908	377840510	493700980
Saharsa	Bihar	East	260185552	447215186	140479751	356001465	248283334
Samastipur	Bihar	East	280547502	479650258	124951933	470336009	162770470
Saran	Bihar	East	182363353	384957427	136634418	172511978	484105961
Sheikhpura	Bihar	East	415732292	249650563	177687917	155519272	182033753
Sheohar	Bihar	East	284795679	242790002	130677205	499145482	344087039
Sitamarhi	Bihar	East	218216498	189028596	236613056	194839320	274077578
Siwan	Bihar	East	404025392	422812586	406064028	341120640	270378735
Supaul	Bihar	East	112744529	194936979	221036408	222989593	281682791
Vaishali	Bihar	East	396078372	328986480	459581286	206985687	165810113
Balod	Chhattisgarh	Central	430539873	179775383	200820948	234220405	335590686
BalodaBazar	Chhattisgarh	Central	153212073	356123539	117322306	312005982	128870510
Balrampur	Chhattisgarh	Central	368257698	101794488	381099887	398507645	495080417
Bastar	Chhattisgarh	Central	215066988	257744072	226236762	317719047	192837306
Bemetara	Chhattisgarh	Central	297503586	457359539	164650410	256926176	413229774
Bijapur	Chhattisgarh	Central	218265328	261552782	315668203	123816644	220462660
Bilaspur	Chhattisgarh	Central	469408247	199575792	297393719	180910672	473461105
Dantewada(DakshinBastar)	Chhattisgarh	Central	144508194	151515244	471312602	485387738	135132908
Dhamtari	Chhattisgarh	Central	473009431	308746605	321308023	120984527	219730216
Durg	Chhattisgarh	Central	200283822	118005920	117676320	266924039	153968932
Gariaband	Chhattisgarh	Central	150013733	205752739	260600604	168703268	209866634
Gaurela-Pendra-Marwahi	Chhattisgarh	Central	239786981	340437025	115552232	414279611	479992066
Janjgir-Champa	Chhattisgarh	Central	494653158	322931608	298492386	159132664	109546189
Jashpur	Chhattisgarh	Central	378231147	461436812	397006134	475988037	258354442
Kabirdham(Kawardha)	Chhattisgarh	Central	424204230	475072482	415366070	101599169	164247566
Kanker(UttarBastar)	Chhattisgarh	Central	283782464	187697989	333539842	187929929	355110325
Kondagaon	Chhattisgarh	Central	244279305	459190650	403769036	292571795	387166967
Korba	Chhattisgarh	Central	234208197	259013642	211600085	298431349	327460555
Korea(Koriya)	Chhattisgarh	Central	402072207	402414014	201309244	187380596	333002716
Mahasamund	Chhattisgarh	Central	228177740	215909299	224954985	305108798	270708335
Mungeli	Chhattisgarh	Central	371968749	425388348	339472640	336408582	241093173
Narayanpur	Chhattisgarh	Central	101318399	215555284	134803308	151149022	499926756
Raigarh	Chhattisgarh	Central	499865719	442320017	144996490	176345103	475572985
Raipur	Chhattisgarh	Central	363545641	246427808	446153142	235258034	102917569
Rajnandgaon	Chhattisgarh	Central	195547349	429074984	399618519	458824427	216190069
Sukma	Chhattisgarh	Central	196743675	324225593	452891629	177895443	336811426
Surajpur	Chhattisgarh	Central	257292398	307135228	314947966	445945616	310602130
Surguja	Chhattisgarh	Central	380990021	464781640	464244515	106152531	481200599
Manendragarh-Chirmiri-Bharatpur	Chhattisgarh	Central	188674581	163600573	361323893	156715598	336750389
Khairagarh	Chhattisgarh	Central	302447584	274480422	391427351	420139165	359321879
Mohla-Manpur	Chhattisgarh	Central	374239326	106836146	352571185	358003479	294134342
Sarangarh-Bilaigarh	Chhattisgarh	Central	287578967	124134037	496423231	335920286	341975158
Sakti	Chhattisgarh	Central	369454024	492016358	283342997	310284738	192910550
NorthGoa	Goa	West	356038087	329462569	333124790	413461715	109192175
SouthGoa	Goa	West	379525132	192556535	191384625	151234473	192312387
Ahmedabad	Gujarat	West	338276315	399716178	196938993	222110660	411471908
Amreli	Gujarat	West	102490310	491003144	424082156	278899502	302789392
Anand	Gujarat	West	414340648	485351116	389596240	122522660	194302194
Aravalli	Gujarat	West	344343394	466612751	376998200	431296732	461082797
Banaskantha	Gujarat	West	146644489	106360057	354243599	300457778	179628895
Bharuch	Gujarat	West	226676229	317560350	491625721	201040681	262907803
Bhavnagar	Gujarat	West	251994384	325373089	489416181	326557207	381807917
Botad	Gujarat	West	452537614	121411786	300286874	320966216	445457320
ChhotaUdaipur	Gujarat	West	137171544	392025514	460679953	285430464	128211310
Dahod	Gujarat	West	221207312	160829493	238285470	460496842	199441511
Dang	Gujarat	West	257866146	180813013	145240638	368294321	401559496
DevbhumiDwarka	Gujarat	West	440488907	169814142	456505021	333161412	410885953
Gandhinagar	Gujarat	West	301275674	319354839	417514573	205508591	375093845
GirSomnath	Gujarat	West	122461623	141517380	412326426	481542406	232718894
Jamnagar	Gujarat	West	291521958	411496323	262236396	178566850	322125919
Junagadh	Gujarat	West	319122898	129322183	242558061	228885769	219009979
Kheda	Gujarat	West	219815668	248234504	437461471	145411542	297576830
Kutch	Gujarat	West	304168828	221536912	478954436	415524766	467467269
Mahisagar	Gujarat	West	162343211		218289743	350386059	489330730
Mehsana	Gujarat	West	361970885	390267648	422739342	205117954	323041475
Morbi	Gujarat	West	460557879	114575640	131531724	207437361	207840205
Narmada	Gujarat	West	297149571	433225502	186269722	123596911	281328776
Navsari	Gujarat	West	221427045	393917661	400289926	303277688	147279274
Panchmahal	Gujarat	West	198294015	370198676	257646412	251994384	100207525
Patan	Gujarat	West	457725761	491039766	436631367	173976867	107287820
Porbandar	Gujarat	West	267986083	313946959	362031923	149623096	
Rajkot	Gujarat	West	122290719	204678487	135865352	268828394	105798516
Sabarkantha	Gujarat	West	440989410	436008790		432651754	147474593
Surat	Gujarat	West	339289529	203213599	148597674	135084078	405197302
Surendranagar	Gujarat	West	413791315	408383435	332062746	333027131	331086154
Tapi	Gujarat	West	182985931	141956846	362251656	486120182	331220435
Vadodara	Gujarat	West	233182775	153541673	299395734	383834346	436240730
Valsad	Gujarat	West	346821497	456834621	266142766	426218452	163832514
Ambala	Haryana	North	351948607	421225624	402963348	217801446	307000946
Bhiwani	Haryana	North	396554461	381282998	292559587	485570849	156312753
CharkhiDadri	Haryana	North	103967406	453721733	208938871	182058168	189846492
Faridabad	Haryana	North	454393140	389083529	224124882	129505295	197927793
Fatehabad	Haryana	North	390292062	366316721	141285439	220255135	432444228
Gurugram	Haryana	North	266386914	499743645	154066591	448057497	234806360
Hisar	Haryana	North	149427778	137745292	105761894	414316233	216287728
Jhajjar	Haryana	North	331220435	112720114	122693563	229129917	301348918
Jind	Haryana	North	308404798	421445357	263872188	239347514	262273018
Kaithal	Haryana	North	372603534	422849208	172780541	287969604	446446120
Karnal	Haryana	North	461827449	334528642	186257515	342426832	177150792
Kurukshetra	Haryana	North	451329081	429477829	285906552	165627002	314300974
Mahendragarh	Haryana	North	299859615	263164159	369380780	194106876	494299143
Nuh	Haryana	North	257182531	418564410	262981048	307953124	346736046
Palwal	Haryana	North	384102909	386446730	109326456	131202124	353169347
Panchkula	Haryana	North	246964934	419211402	343769646	239738151	362141789
Panipat	Haryana	North	305999939	115259254	242875454	360017701	410068057
Rewari	Haryana	North	351423689	165114291	273784600	109314249	285845515
Rohtak	Haryana	North	403549303	418637654	138880581	471227150	426023133
Sirsa	Haryana	North	413083285	177004303	471434676	345027009	107312234
Sonipat	Haryana	North	309979553	116797387	201748710	181154820	288445692
Yamunanagar	Haryana	North	185305337	172731711	373921934	287627796	171828364
Bokaro	Jharkhand	East	311725211	308893094	283880123	208426160	239188818
Chatra	Jharkhand	East	474901578	160231330	397726371	191970580	327204199
Deoghar	Jharkhand	East	453367718	222159490	245609912	270683920	254313791
Dhanbad	Jharkhand	East	491491440	321771905	487353130	175856807	491113011
Dumka	Jharkhand	East	193435468	170973845	498571734	393563647	100146488
EastSinghbhum	Jharkhand	East	131287575	408359020	395956298	385946227	330085147
Garhwa	Jharkhand	East	437974182	245573290	372481460	111963255	424839015
Giridih	Jharkhand	East	216275521	479772332	292144536	297820978	398214667
Godda	Jharkhand	East	207046724	463621937	405417036	163307596	386446730
Gumla	Jharkhand	East	286553545	297796564	268999298	321588794	122070986
Hazaribag	Jharkhand	East	275347148	262810144	224051637	173195593	216019165
Jamtara	Jharkhand	East	450132756	359859005	295135350	394149602	287847529
Khunti	Jharkhand	East	118689535	437815485	403146459	466246529	418222602
Koderma	Jharkhand	East	282781457	494604328	141615039	256096072	437266152
Latehar	Jharkhand	East	246354564	182277901	422165594	147584460	471849727
Lohardaga	Jharkhand	East	290252388		383187353	294854579	483507798
Pakur	Jharkhand	East	461278116	152906888	234952849	222440260	245622120
Palamu	Jharkhand	East	359614857	445713676	167128513	272173223	323944823
Ramgarh	Jharkhand	East	343501084	133423871	298199408	159340189	431980346
Ranchi	Jharkhand	East	278533280	247624134	307611316	145265053	221378216
Sahibganj	Jharkhand	East	499804682	122205267	148219245	391854610	291827143
Seraikela-Kharsawan	Jharkhand	East	111621448	456163213	321491134	496447646	255461287
Simdega	Jharkhand	East	336725974	388082522	438328196	205667287	156154057
WestSinghbhum	Jharkhand	East	126587725	211136204	185390789	332758568	419162572
Bagalakote	Karnataka	East	157814264	397994934	359675894	276287118	176711325
Ballari	Karnataka	East	158778649	259929197	322077090	115967284	161854915
Belagavi	Karnataka	East	235843989	495922728	318659017	294586016	475536363
BengaluruRural	Karnataka	East	482873013	381246376	412253182	478893399	385702079
BengaluruUrban	Karnataka	East	387838374	485412153	265739921	150685140	282671590
Bidar	Karnataka	East	332331309	428354747	459801020	443418684	149122592
Chamarajanagara	Karnataka	East	191067232	401913511	317731254	450035097	439475692
Chikkaballapura	Karnataka	East	235319071	185610522	230387280	481554613	154176458
Chikkamagaluru	Karnataka	East	110071108	364656514	303448592	171401104	338508255
Chitradurga	Karnataka	East	252238533	282158879	430430006	417429121	323358867
DakshinaKannada	Karnataka	East	117822809	258330027	482897428	417648854	148048341
Davanagere	Karnataka	East	472997223	389339885	247807245	406723228	456529435
Dharwada	Karnataka	East	139051484	361079745	189883114	107666249	475035860
Gadaga	Karnataka	East	210660115	291180151	185622730	299578845	150025940
Kalaburagi	Karnataka	East	269194616	357734916	181179235	362190619	109497360
Hassan	Karnataka	East	463597522	212198248	336677145	243607898	308062990
Haveri	Karnataka	East	279766228	306781213	487524034	295721305	212576678
Kodagu	Karnataka	East	259306619	262248604	219156468	265837580	329560228
Kolar	Karnataka	East	258928190	113721121	207119968	193984802	310968352
Koppala	Karnataka	East	491210670	265385906	472948394	435618153	264812158
Mandya	Karnataka	East	205825983	156105227	207718131	478173162	193081454
Mysuru	Karnataka	East	263139744	227921384	150697348	105041657	151881466
Raichuru	Karnataka	East	447874386	351826533	160158086	286809900	315021210
Ramanagara	Karnataka	East	416733299	320331431	280010376	299444563	415842159
Shivamogga	Karnataka	East	132203131	417526780	165163121	190896328	469225135
Tumakuru	Karnataka	East	283135472	348530534	269817194	436924345	292425306
Udupi	Karnataka	East	206057924	172963652	104077272	149476607	294500565
UttaraKannada	Karnataka	East	223392437	322040468	438718833	445152135	373433638
Vijayanagara	Karnataka	East	294903409	164394055	395419172	160231330	163014618
Vijayapura	Karnataka	East	450267037	339875485	102673421	462120426	411899167
Yadgiri	Karnataka	East	163258766	252201910	120935697	214139225	318109684
Alappuzha	Kerela	South	210013123	459422590	126245918	309308145	323285623
Ernakulam	Kerela	South	450303660	187185278	148341319	372688986	306524857
Idukki	Kerela	South	493542284	339387188	263798944	256804102	322602008
Kannur	Kerela	South	160084841	235026093	372090823	103186132	199246193
Kasaragod	Kerela	South	294341868	305206458	446482742	114136173	397445601
Kollam	Kerela	South	406405835	249589526	369820246	279888302	277068392
Kottayam	Kerela	South	484350109	122901089	455528428	224283578	483605457
Kozhikode	Kerela	South	412558367	493908506	478661459	137794122	420737327
Malappuram	Kerela	South	489086581	437888730	414157537	364754174	232316050
Palakkad	Kerela	South	398678549	410995819	384188360	401205481	439439070
Pathanamthitta	Kerela	South	159779656	184841456	277654347	116125980	187246315
Thiruvananthapuram	Kerela	South	402365185	307367168	434141057	250224311	447715690
Thrissur	Kerela	South	413083285	158119449	255595569	197268593	374422437
Wayanad	Kerela	South	322931608	177932065	290008240	386446730	207632679
AgarMalwa	MadhyaPradesh	Central	387325663	394051943	109729300	235343486	399716178
Alirajpu	MadhyaPradesh	Central	205459761	324347667	261406293	262578204	141346476
Anuppur	MadhyaPradesh	Central	300189215	312262337	188174077	490209663	196230964
Ashoknagar	MadhyaPradesh	Central	237699515	246903897	381600391	401278726	138758507
Balaghat	MadhyaPradesh	Central	133411664	138062685	328437147	434104435	417819758
Barwani	MadhyaPradesh	Central	371358379	176161992	226920377	494518876	185891293
Betul	MadhyaPradesh	Central	168190557	435386212	241325114	251591540	384749901
Bhind	MadhyaPradesh	Central	348640401	201077303	308868679	497814875	471275979
Bhopal	MadhyaPradesh	Central	498559527	468028810	122693563	318427076	104870754
Burhanpur	MadhyaPradesh	Central	265800958	298614460	424289682	262260811	441404462
Chhatarpur	MadhyaPradesh	Central	410544145	426267281	481322673	194485305	265092929
Chhindwara	MadhyaPradesh	Central	487548449	123450422	487853634	432749413	320343638
Damoh	MadhyaPradesh	Central	381087680	156947538		168947416	272539445
Datia	MadhyaPradesh	Central	467870114	189150670	426731163	339960936	431662954
Dewas	MadhyaPradesh	Central	134827723	473107090	367036958	402597125	413119908
Dhar	MadhyaPradesh	Central	421958068	498254342	288872951	474645223	195803705
Dindori	MadhyaPradesh	Central	342805261	132630390	183803827	429001740	315082247
Guna	MadhyaPradesh	Central	338532670	383101902	224735252	413449507	387459945
Gwalior	MadhyaPradesh	Central	401913511	478624836	299774163	447898801	472447890
Harda	MadhyaPradesh	Central	480980865	342255928	497521898	415048677	110754722
Narmadapuram	MadhyaPradesh	Central	284014405	167299417	155726798	133130893	399972534
Indore	MadhyaPradesh	Central	320905179	238065737	113672292	204556413	381698050
Jabalpur	MadhyaPradesh	Central	292205573	461375775	372627949	419846187	423386334
Jhabua	MadhyaPradesh	Central	113000885	136158330	412204352	282500687	371529283
Katni	MadhyaPradesh	Central	219351787	487255471	381234169	410763879	374300363
Khandwa(EastNimar)	MadhyaPradesh	Central	167702261	414072085	159071627	380172125	423349712
Khargone(WestNimar)	MadhyaPradesh	Central	350068667	474449904	368001343	146400341	256425672
Mandla	MadhyaPradesh	Central	323322245	133851130	462181463	216800439	476110111
Mandsaur	MadhyaPradesh	Central	102697836	487328715	306476028	231339457	405673391
Morena	MadhyaPradesh	Central	348188727	387166967	281402020	332990509	271953490
Narsinghpur	MadhyaPradesh	Central	483825190	232096316	225260170	362788782	305975524
Neemuch	MadhyaPradesh	Central	288641011	465501877	275774407	276104007	420542009
Niwari	MadhyaPradesh	Central	434446242	200918607	227506332	117871639	491650136
Panna	MadhyaPradesh	Central	369832454	134266182	451585437	244938505	497607349
Raisen	MadhyaPradesh	Central	235734123	349946593	170485549	372273934	117932676
Rajgarh	MadhyaPradesh	Central	404232918	246317942	204495376	114697714	115527817
Ratlam	MadhyaPradesh	Central	261503952	349922178	190664388	295635853	263713492
Rewa	MadhyaPradesh	Central	216519669	468834499	134241767	207461775	369856868
Sagar	MadhyaPradesh	Central	165260780	245133824	465697196	448313853	293169958
Satna	MadhyaPradesh	Central	403671377	267143773	100976592	499145482	488317515
Sehore	MadhyaPradesh	Central	121997741	360872219	193801690	138428907	498266549
Seoni	MadhyaPradesh	Central	265532395	339606922	441099277	411471908	138099307
Shahdol	MadhyaPradesh	Central	458079776	359260842	190163884	340717795	419150365
Shajapur	MadhyaPradesh	Central	413791315	479723503	113367107	374971771	332038331
Sheopur	MadhyaPradesh	Central	146754356	110193182	400790430	375154882	347077853
Shivpuri	MadhyaPradesh	Central	446067690	405368206	256901761	219205298	265715506
SidhiSidhi	MadhyaPradesh	Central	273381756	166420484	266313669	248161260	402426222
Singrauli	MadhyaPradesh	Central	207266457	488854641	458641316	196926786	365462203
Tikamgarh	MadhyaPradesh	Central	130494094	160780663	281804865	118897061	499938963
Ujjain	MadhyaPradesh	Central	401486252	397872860	200723288	130787072	380782495
Umaria	MadhyaPradesh	Central	342060610	428989532	142469557	419553209	314423048
Vidisha	MadhyaPradesh	Central	115369121	264250618	137256996	434897916	165187536
Bishnupur	Manipur	East	185036775	252421644	191872921	181337931	291656239
Chandel	Manipur	East	218179876	385531175	484704124	457603687	105554368
Churachandpur	Manipur	East	327936644	363374737	145326090	146888638	462950530
ImphalEast	Manipur	East	463353374	484276864	351850948	367976928	233097323
ImphalWest	Manipur	East	386959441	408713035	300274667	334577471	166200750
Jiribam	Manipur	East	283184301	250407422	133094271	315338603	127466658
Kakching	Manipur	East	265044099	178615680	114355906	311981567	401986755
Kamjong	Manipur	East	190957365	124268318	192117069	479540392	461449019
Kangpokpi	Manipur	East	432322154	422837001	383089694	383358257	310345775
Noney	Manipur	East	233231605	291058077	423911252	349116489	473949401
Pherzawl	Manipur	East	383040864	450071719	330732139	249589526	192300180
Senapati	Manipur	East	320770898	302008118	348835719	365474410	458104191
Tamenglong	Manipur	East	110998870	484765161	191628773	309784234	469359417
Tengnoupal	Manipur	East	357771539	463560900	415695670	402963348	353669851
Thoubal	Manipur	East	233378094	390707114	153358562	289434492	225370037
Ukhrul	Manipur	East	136439100	392440565	419113743	268193609	194448683
EastGaroHill	Meghalaya	East	412936796	312396619	309210486	153285317	157130649
EastKhasiHills	Meghalaya	East	218350780	373323771	222049623	346491897	126758629
EastJaintiaHills	Meghalaya	East	228861354	482665487	374373608	339692374	122937711
EasternWestKhasiHills	Meghalaya	East	133777886	224735252	365669729	148963896	438462478
NorthGaroHills	Meghalaya	East	478966644	349018830	408493301	488232063	273540452
RiBhoi	Meghalaya	East	246867275	330292673	296172979	471019624	166347239
SouthGaroHills	Meghalaya	East	108886989	331318095	306683554	274333933	225077059
SouthWestGaroHill	Meghalaya	East	406942961	373689993	492455825	410995819	235367900
SouthWestKhasiHills	Meghalaya	East	208706931	389730522	422312083	161574144	141102328
WestGaroHills	Meghalaya	East	285332804	379793695	388229011	467735832	374044008
WestJaintiaHills	Meghalaya	East	243070772	404660177	416074099	486852627	178774376
WestKhasiHills	Meghalaya	East	132227546	358211005	499169897	185830256	498596149
Aizawl	Mizoram	East	137940611	399276712	340217292	153346354	173830378
Champhai	Mizoram	East	429380169	421762749	437668997	200405896	311822871
Hnahthial	Mizoram	East	285503708	120215460	310272530	372969756	140052491
Khawzawl	Mizoram	East	412131108	359346294	377242348	495483261	173195593
Kolasib	Mizoram	East	398019349	483800776	143226416	222196112	190542314
Lawngtlai	Mizoram	East	138367870	330671102	263420514	485180212	112805566
Lunglei	Mizoram	East	292474136	142213202	497643972	304693747	301702933
Mamit	Mizoram	East	141908017	270317698	109656056	202871791	434641560
Saiha	Mizoram	East		369832454	378902555	389535203	398568682
Saitual	Mizoram	East	385250405	174245430	388839381	314093448	289715262
Serchhip	Mizoram	East	133484908	415793329	151295510	127808465	458287302
Chümoukedima	Nagaland	East	259331034	361507004	491161840	137256996	
Dimapur	Nagaland	East	463109226	185036775	444798120	216800439	163197729
Kiphire	Nagaland	East	388106937	166982024	131910153	145411542	340839869
Kohima	Nagaland	East	164613788	309820856	284539323	349494919	326947844
Longleng	Nagaland	East	458653524	328241829	354890591	280205695	353840755
Mokokchung	Nagaland	East	387899411	309759819	305389569	134644612	499047823
Mon	Nagaland	East	147633289	281841487	123389385	413718070	255473495
Niuland	Nagaland	East	319171728	379720451	187502670	362800989	139881588
Nokla	Nagaland	East	402658162	323529771	159755241	475402082	392782373
Peren	Nagaland	East	435898923	356477554	337665944	486986908	395358135
Phek	Nagaland	East	296417127	229288613	178481399	119299905	436155279
Shamator	Nagaland	East	354255806	334467605	368977935	203921628	291998047
Tseminyü	Nagaland	East	423789178	316022218	349800104	397299112	167494735
Tuensang	Nagaland	East	241239662	299517808	188344981	224417859	327790155
Wokha	Nagaland	East	424936674	385787530	324372082	311407819	143238624
Zunheboto	Nagaland	East	264738914	261577196	150196844	157679983	182937101
AngulAngul	Odisha	East	160756248	476451919	152064577	146888638	228360851
Boudh(Bauddh	Odisha	East	192910550	251823481	278960540	401388592	376302378
Bhadrak	Odisha	East	363863033	447691275	106445509	250028992	107873775
Balangir	Odisha	East	123865474	141492965	389291055	251542711	124976348
Bargarh(Baragarh	Odisha	East		492590106	120386364	362153997	110315256
Balasore(Baleswar	Odisha	East		277361370	387093723	289434492	375142674
Cuttack(Katak)	Odisha	East	475804926	406393628	113306070	281414228	355586413
Debagarh(Deogarh	Odisha	East		462254708	360725730	191738639	173891415
Dhenkanal	Odisha	East	102368236	266618854	119360942	483104954	150733970
Ganjam	Odisha	East	296893216	334492019	423801386	458751183	117712942
Gajapati	Odisha	East	431980346	467845699	267876217	414242989	127674184
Jharsuguda	Odisha	East	353828547	303900266	184353160	302313303	416354870
Jajpur	Odisha	East	432786035	220987579	404672384	226456496	389242226
Jagatsinghpur	Odisha	East	176381725	308648946	270403149	190505691	170949431
Khordha	Odisha	East	136805322	129175695	247660756	109155552	162709433
Kendujhar	Odisha	East	421384320	187185278	464891507	304718162	371773431
Kalahandi	Odisha	East	395138402	498889127	123706778	268169195	496508683
Kandhamal	Odisha	East	470751061	437253945	269133579	382222968	207876827
Koraput	Odisha	East	262468337	424912260	396310312	194058046	200637837
Kendrapara(Kendrapada)	Odisha	East	174123356	295684683	339960936	375423445	178859828
Malkangiri	Odisha	East	395162816	198232978	437571337	360359508	110022278
Mayurbhanj	Odisha	East	185671560	148683126	198171941	108874782	374813074
Nabarangpur	Odisha	East	456163213	355000458	489049959	417648854	372176275
Nuapada	Odisha	East	489757989	387154760	363838618	369063387	321576586
Nayagarh(Nayagad)	Odisha	East	237418744	335932493	403585925	406991791	490063174
Puri	Odisha	East	424179815	482580035	492846462	402279733	363264870
Sambalpur	Odisha	East	282537309	307635731	314606159	353755303	135633411
Subarnapur(Sonepur)	Odisha	East	253520310	224698630	190383617	294573809	461644338
Sundargarh	Odisha	East	471385846	459984131	388912626	473192542	141346476
Amritsar	Punjab	North	171388897	385250405	408859524	211014130	179958495
Barnala	Punjab	North	163856929	288982818	236002685	369002350	224198126
Bathinda	Punjab	North	366975921	400827052	350849941	231815546	338557085
Firozpur	Punjab	North	141138950	449913023	319183935	289263588	351301615
Faridkot	Punjab	North	330195013	252983184	442771691	389449751	430051577
FatehgarhSahib	Punjab	North	180166020	172389904	492761010	366194647	465587329
Fazilka[16]	Punjab	North	138526566	415427107	269963683	333381146	414255196
Gurdaspur	Punjab	North	101782280	418015076	424875637	461693167	406979583
Hoshiarpur	Punjab	North	320062868	185341960	221781060	477941222	226163518
Jalandhar	Punjab	North	392196417	179726554	206900235	215994751	137000640
Kapurthala	Punjab	North	468761254	370186468	232731101	174074526	474657430
Ludhiana	Punjab	North	464513078	223880733	347749260	203592028	453563036
Malerkotla	Punjab	North	151734977		211258278	475780511	437168493
Mansa	Punjab	North	235721915	149439985	407223731	455650502	389437544
Moga	Punjab	North	117798394	442539751	441843929	414621418	110547196
SriMuktsarSahib	Punjab	North	200796533	133204138	314654988	270073550	197317423
Pathankot	Punjab	North	156691183	290142521	350178533	303631703	498706016
Patiala	Punjab	North	179030732	445896787	408273568	372664571	303643910
Rupnagar	Punjab	North	302093570	140894802	496874905	287420270	313556322
SahibzadaAjitSinghNagar	Punjab	North	322089297	194924772	203543199	328876614	201504562
Sangrur	Punjab	North	331293680	218155461	170876186	346833705	494592121
ShahidBhagatSinghNagar	Punjab	North	290643025	385872982	445921202		240946684
TarnTaran	Punjab	North	493371380	334296701	284783471	410153508	313483078
Ajmer	Rajasthan	North	135340434	363911863	326789148	299273659	377913755
Alwar	Rajasthan	North	415219581	499145482	413571581	110498367	282427442
Bikaner	Rajasthan	North	228250984	456566058	222550126	227188940	139600817
Barmer	Rajasthan	North	120777001	329572436	323407697	249919126	440610981
Banswara	Rajasthan	North	274822230	402438429	381734672	198635822	359822382
Bharatpur	Rajasthan	North	211526841	337995544	251860103	216202276	448081912
Baran	Rajasthan	North	249394207	139588610	431675161	332111576	106872768
Bundi	Rajasthan	North	336140019	442100284	379549547	491711173	110376293
Bhilwara	Rajasthan	North	402755822	438853115	315778069	354927213	150843836
Churu	Rajasthan	North	453294473	384578997	147303689	171938230	411667226
Chittorgarh	Rajasthan	North	195217749	405697806	482873013	149647511	382284005
Dausa	Rajasthan	North	201590014	343440046	264531388	223636585	292193365
Dholpur	Rajasthan	North	309662160	405673391	219058809	234623249	340815455
Dungarpur	Rajasthan	North	203250221	353926206	444810328	272917875	297869808
SriGanganagar	Rajasthan	North	460618916	363338115	371126438	333283487	490014344
Hanumangarh	Rajasthan	North	490856655	273540452	175087740	305706961	255485702
Jhunjhunu	Rajasthan	North	438914152	417575610	413388470	274846644	410727256
Jalore	Rajasthan	North	441343425	437742241	174977874	410263375	484325694
Jodhpur	Rajasthan	North	359712516	128894924	170998260	388497574	126270333
Jaipur	Rajasthan	North	477172155	326947844	284856716	245377972	392941069
Jaisalmer	Rajasthan	North	267363506	279241310	178615680	354158147	170412305
Jhalawar	Rajasthan	North	401400800	344001587	185110019	328241829	279815058
Karauli	Rajasthan	North	141395306	230167546	275859859	204873806	213089388
Kota	Rajasthan	North	222000793	436619160	242802209	152101199	206790368
Nagaur	Rajasthan	North	396334727	262785729	270525223	489049959	119080172
Pali	Rajasthan	North	340021973	240653706	158326975	216714987	396945097
Pratapgarh	Rajasthan	North	421152379	360725730	384896390	145265053	280962554
Rajsamand	Rajasthan	North	277092807	117896054	191323587	133338419	371016572
Sikar	Rajasthan	North	415036470	167140721	192507706	468736839	190737632
SawaiMadhopur	Rajasthan	North	349873348	365559862	433591724	101269569	231900998
Sirohi	Rajasthan	North	391879025	197524949	300177007	104333628	142896817
Tonk	Rajasthan	North	112158574	435239723	316217536	494347973	381746880
Udaipur	Rajasthan	North	399301126	272026734	183706168	140833765	147474593
EastSikkim	Sikkim	East	230021058	265422529	138868373	293365276	363704337
NorthSikkim	Sikkim	East	376082644	394369335	196511734	149305704	422434157
Pakyong	Sikkim	East	381026643	453929258	141309854	304449599	308514664
Soreng	Sikkim	East	107898190	398959319	486083560	260173345	282830287
SouthSikkim	Sikkim	East	425852230	426157415	150318918	163319803	485522020
WestSikkim	Sikkim	East	481969665	463524278	226322214	355146947	297991882
Ariyalur	TamilNadu	South	338447218	239603870	180068361	492236092	158742027
Chengalpattu	TamilNadu	South	139100314	291692862	252787866	413473922	497802668
Chennai	TamilNadu	South	250993377	457042146	389425337	298345897	380477310
Coimbatore	TamilNadu	South	125965147	458226265	322260201	446787927	226187933
Cuddalore	TamilNadu	South	320209357	267839595	356721702	232084109	168056276
Dharmapuri	TamilNadu	South	309698782	328901029	260649434	332258065	411984619
Dindigul	TamilNadu	South	203787347	191421247	371224098	108227790	154518265
Erode	TamilNadu	South	184145634	368453017	459898679	460936308	406540117
Kallakurichi	TamilNadu	South	199111911	106457716	209427167	384713279	328791162
Kanchipuram	TamilNadu	South	319403668	181118198	188796655	306622517	172524186
Kanyakumari	TamilNadu	South	190737632	266228217	115625476	341230506	138856166
Karur	TamilNadu	South	135023041	142432935	243180639	239811395	350019837
Krishnagiri	TamilNadu	South	129078035	232926420	488012330	353962829	469359417
Madurai	TamilNadu	South	362837611	424948882	226432081	212210455	223014008
Mayiladuthurai	TamilNadu	South	469566943	142872402	334614094	172609637	274297311
Nagapattinam	TamilNadu	South	356318858	246476638	475023652	169521164	314154485
Nilgiris	TamilNadu	South	490160833	249455244	358650472	122681356	396932890
Namakkal	TamilNadu	South	351533555	326642659	171791741	462999360	495153661
Perambalur	TamilNadu	South	324201178	132215338	207596057	328302866	190285958
Pudukkottai	TamilNadu	South	338044374	475524156	375386822	175417340	366829432
Ramanathapuram	TamilNadu	South	146778771	158253731	228226569	229898984	215750603
Ranipet	TamilNadu	South	208853419	407834102	185256508	402352977	485595264
Salem	TamilNadu	South	484459975	185695974	457737968	306256294	190835291
Sivaganga	TamilNadu	South	174587237	127076021	309796442	186977752	241703543
Tenkasi	TamilNadu	South	331806391	359431746	400546282	251860103	333930479
Tiruppur	TamilNadu	South	299786370	205679494	358613849	244877468	280364391
Tiruchirappalli	TamilNadu	South	302533036	415610218	441392255	357918027	360078738
Theni	TamilNadu	South	498156683	450852993	490270700	284722434	147389141
Tirunelveli	TamilNadu	South	468785669	234025086	377181311	149635303	470799891
Thanjavur	TamilNadu	South	458665731	240140995	463426619	481579028	389547411
Thoothukudi	TamilNadu	South	499255349	106567583	163380840	292388684	399789423
Tirupattur	TamilNadu	South	216080202	486681723	311542100	141676076	493102817
Tiruvallur	TamilNadu	South	445127720	174733726	215359966	245500046	377779473
Tiruvarur	TamilNadu	South	276763207	200747703	240702536	460692160	454478592
Tiruvannamalai	TamilNadu	South	492187262	181105990	330634480	165736869	211465804
Vellore	TamilNadu	South	414670248	403268533	384884182	371895505	293194372
Viluppuram	TamilNadu	South	448411512	126807458	355366680	190701010	384810938
Virudhunagar	TamilNadu	South	312860500	365388959	394515824	456968902	290203558
Adilabad	Telangana	South	318329417	281463057	156410413	117981505	235489975
BhadradriKothagudem	Telangana	South	191775261		250175481	332099368	198403882
Hanamkonda	Telangana	South	213126011	478588214	301544237	129908139	287273782
Hyderabad	Telangana	South	485265664	488659322	263591418	251969970	141554002
Jagtial	Telangana	South	125635548	163930173	230411695	428073977	420151372
Jangaon	Telangana	South	359712516	380928984	235624256	402194281	453306681
JayashankarBhupalpally	Telangana	South	419284646	248405408	324958037	168129520	326129948
JogulambaGadwal	Telangana	South	471446883	132056642	397006134	252189703	165334025
Kamareddy	Telangana	South	303680532	313666189	233475753	350337230	194094668
Karimnagar	Telangana	South	410129094	129285561	442539751	373165075	322333445
Khammam	Telangana	South	395248268	384615620	484166998	106567583	104077272
KumuramBheemAsifabad	Telangana	South	233536790	330573443	229178747	426560259	167885372
Mahabubabad	Telangana	South	104223761	131983398	385006257	477111118	267448958
Mahbubnagar	Telangana	South	236112552	292046876	495385602	201455733	446494950
Mancherial	Telangana	South	486999115	442503129	133814508	419687491	382345042
Medak	Telangana	South	334235664	257219153	257524338	233011872	324811548
Medchal–Malkajgiri	Telangana	South	352180548	488940093	240665914	243839839	226175725
Mulugu	Telangana	South	402658162	205703909	290313425	281621754	393173010
Nalgonda	Telangana	South	339411603	246122623	125330362	182399975	448826564
Narayanpet	Telangana	South	371675772	131849116	179787591	106653035	145887630
Nagarkurnool	Telangana	South	273149815	243009735	218924528	413388470	327301859
Nirmal	Telangana	South	302117985	202761925	301092563	178518021	309320353
Nizamabad	Telangana	South	386837367	466966766	321124912	377181311	246940519
Peddapalli	Telangana	South	443186743	479906614	167519150	489281900	436375012
RajannaSircilla	Telangana	South	459349346	393563647	393807795	147413556	334345531
RangaReddy	Telangana	South	298004089	430368969	173244422	494824061	369185461
Sangareddy	Telangana	South	359895627	153151036	256596576	158156071	433262124
Siddipet	Telangana	South	422238838	351387066	459092990	300323496	134192938
Suryapet	Telangana	South	408078250	115210425	441636403	216348765	337897885
Vikarabad	Telangana	South	313348796	335273293	119043549	336054567	228983428
Wanaparthy	Telangana	South	171303445	322211371	412253182	484777368	326545000
Warangal	Telangana	South	361299478	162611774	284746849	211758781	335407575
YadadriBhuvanagiri	Telangana	South	495507676	286809900	304217658	459874264	423776971
Dhalai	Tripura	South	276030763	177736747	225797296	235880611	101257362
Gomati	Tripura	South	343086032	129358806	158510086	137415692	310785241
Khowai	Tripura	South	332831813	222904141	136182744	289312418	420383313
NorthTripura	Tripura	South	447874386	327387310	130799279	210806604	251396222
Sepahijala	Tripura	South	433701590	136964018	189809869	203982665	461095005
SouthTripura	Tripura	South	137635425	324298837	235575426	127686391	254545732
Unakoti	Tripura	South	221170690	209146397	393185217	162623981	193313394
WestTripura	Tripura	South	173073519	351765496	261613819	194875942	204898221
Almora	Uttarakhand	North	150636311	370174261	188772240	359077731	396993927
Bageshwar	Uttarakhand	North	155287331	108594012	231058687	315570544	109265419
Chamoli	Uttarakhand	North	177663503	250321970	319708853	486877041	147535630
Champawat	Uttarakhand	North	214798425	458006531	215128025	218509476	379183325
Dehradun	Uttarakhand	North	399349956	388338878	204776146	209707938	418723106
Haridwar	Uttarakhand	North	360676901	106506546	117725150	246256905	248966948
Nainital	Uttarakhand	North	251554918	484862820	442100284	258159123	169032868
PauriGarhwal	Uttarakhand	North	491808833	359517197	241874447	357625050	263847774
Pithoragarh	Uttarakhand	North	158851893	310711997	110766930	445054476	134705649
Rudraprayag	Uttarakhand	North	300579852	361494797	313910337	418918424	113843195
TehriGarhwal	Uttarakhand	North	309161657	152992339	321796320	345527513	390829188
UdhamSinghNagar	Uttarakhand	North	184902493	374214912	407138280	359639271	187148655
Uttarkashi	Uttarakhand	North	332880642	360737938	232694479	498474075	211465804
Alipurduar	WestBengal	East	475658437	470983002	128992584	400021363	320282601
Bankura	WestBengal	East	353877377	286968596	335065767	201614429	110596026
Birbhum	WestBengal	East	234110538	183095797	364900662	171254616	182668538
CoochBehar	WestBengal	East	199795526	365938292	299871822	146180608	227555162
DakshinDinajpur	WestBengal	East	428562273	372029786	256743065	393734550	399752800
Darjeeling	WestBengal	East	359431746	261113315	272258675	114954069	484093753
Hooghly	WestBengal	East	108325449	370992157	386007264	304486221	141077913
Howrah	WestBengal	East	407296976	424179815	496313365	403634755	234550004
Jalpaiguri	WestBengal	East	110998870	490160833	378548540	281768242	129163487
Jhargram	WestBengal	East	128846095	264922025	169118320	366023744	106750694
Kalimpong	WestBengal	East	310394604	361665700	402365185	153529465	109656056
Kolkata	WestBengal	East	323883786	498791468	125110629	381917783	437571337
Maldah	WestBengal	East	492223884	164027833	339558092	345344401	215103610
Murshidabad	WestBengal	East	291900388	360957671	182595294	449766534	396310312
Nadia	WestBengal	East	279558702	160133671	430381177	174904629	201895199
North24Parganas	WestBengal	East	160121463	105175939	398861660		167006439
PaschimBardhaman	WestBengal	East	407834102	371236305	258415479	359785760	481615650
PaschimMedinipur	WestBengal	East	294402905	153016754	190652180	123731193	126990569
PurbaBardhaman	WestBengal	East	288433485	354329051	314435255	335578478	443345439
PurbaMedinipur	WestBengal	East	179726554	471764275	251322977	468089847	384029664
Purulia	WestBengal	East	239701529		155726798	477843563	342976165
South24Parganas	WestBengal	East	127149266	413742485	302862636	390194403	260039064
UttarDinajpur	WestBengal	East	267278054	358308664	257792901	309369182	301190222
Nicobar	AndamanandNicobar	South	295965453	171010468		257426679	394601276
NorthandMiddleAndaman	AndamanandNicobar	South	400680563	109179967	264873196	369637135	493639943
SouthAndaman	AndamanandNicobar	South	145631275	101001007	350593585	105310220	178945280
CentralDelhi	Delhi	North	399935911	445567187	280413221	368208869	204873806
EastDelhi	Delhi	North	363264870	377303385	184609515	263432722	177590258
NewDelhi	Delhi	North	224491104	191958372	135926389	452256844	196743675
NorthDelhi	Delhi	North	468614765	179714346	138038270	373043001	183254494
NorthEastDelhi	Delhi	North	471654409	455406354	139173558	237235633	131373027
NorthWestDelhi	Delhi	North	374459060	197451704	285637989	307928709	305352947
Shahdaradistrict	Delhi	North	345747246	449827571	292059084	411178930	188747825
SouthDelhi	Delhi	North	233915219	416891995	156056398	143617053	157679983
SouthEastDelhi	Delhi	North	409311198	300946074	302801599	218253120	454673910
SouthWestDelhi	Delhi	North	359419538	116235847	293304239	437327189	326398511
WestDelhi	Delhi	North	455735954	198159734	219278542	491747796	223685415
Karaikal	Puducherry	South	109265419	419833980	151698355	269121372	266594439
Mahe	Puducherry	South	158339182	230399487	372945342	267424543	422873623
Puducherry	Puducherry	South	224051637	465453048	464061404	327008881	480333873
Yanam	Puducherry	South	238236640	177919858	117603076	225284585	313275552
Kargil	Ladakh	North	442600788	195669423	350618000	331342509	388229011
Leh	Ladakh	North	413132115	173390911	322650838	179885250	107824945
Zanskar	Ladakh	North	381087680	321893979	422263253	339313944	174135563
Drass	Ladakh	North	190383617	143311868	387899411	418820765	207705923
Sham	Ladakh	North	469396039	379561754	422580645	395370342	104040650
Nubra	Ladakh	North	499011201	144727927	335077975	123535874	253666799
Changthang	Ladakh	North	254631184	243888668	201016266	250822474	250138859
Anantnag	JammuandKashmir	North	269084750	172231208	350618000	248661763	364925077
Budgam	JammuandKashmir	North	255095065	257341227	263347270	113953062	235673086
Bandipore	JammuandKashmir	North	411410871	177016510	455479599	133082064	444749291
Baramulla	JammuandKashmir	North	226163518	283330790	255778680	261833552	407626576
Doda	JammuandKashmir	North	275896481	361787774	209158604	220462660	120545060
Ganderbal	JammuandKashmir	North	235258034	195315409	355488754	295147557	192068239
Jammu	JammuandKashmir	North	224503311	144825586	169032868	226664022	205728324
Kathua	JammuandKashmir	North	384334849	386165960	312958159	300323496	140992462
Kishtwar	JammuandKashmir	North	492577899	171498764	470201728	358101138	171132542
Kulgam	JammuandKashmir	North	215677358	489513841	470506913	245609912	389217811
Kupwara	JammuandKashmir	North	281902524	442564166	216861476	207681509	246220282
Poonch	JammuandKashmir	North	441245766	493591113	316302988	232889797	156849879
Pulwama	JammuandKashmir	North	480028688		476781518	433640553	383980835
Rajouri	JammuandKashmir	North	283233131	295379498	446934416	475023652	402475051
Ramban	JammuandKashmir	North	405136265	181777398	278948332	362910856	414206366
Reasi	JammuandKashmir	North	462279123	177626880	256608783	133375042	195339823
Samba	JammuandKashmir	North	232413709	152858058	394784387	364473403	453294473
Shopian	JammuandKashmir	North	140662862	374654378	111462752	403231910	365633107
Srinagar	JammuandKashmir	North	132398449	369234291	150221259	224002808	478673666
Udhampur	JammuandKashmir	North	307599109	379415266	476244393	484716331	455174414
AlluriSitharamaRaju	AndhraPradesh	South	477867977	242460402	345759453	159254738	404647969
Anakapalli	AndhraPradesh	South	242631306	310760826	446702475	358357494	243620105
Ananthapuram	AndhraPradesh	South	190969573	347907956	454954680	475890378	160084841
Annamayya	AndhraPradesh	South	146742149	428171636	182143620	158107242	418686484
Bapatla	AndhraPradesh	South	365144810	260576189	211770989	319647816	489635915
Chittoor	AndhraPradesh	South	365108188	183779412	388290048	205435346	225101474
EastGodavari	AndhraPradesh	South	463512070	123914304	412497330	347260964	111511581
Eluru	AndhraPradesh	South	402768029	108044679	261919004	370625935	195059053
Guntur	AndhraPradesh	South	485558642	276409192	455760369	445323039	343684195
Kakinada	AndhraPradesh	South	497973571	335212256	178432569	418088321	288665426
KonaSeema	AndhraPradesh	South	215958128	494116032	448155156	314886929	245133824
Krishna	AndhraPradesh	South	311981567	191543321	353791925	140662862	330097354
Kurnool	AndhraPradesh	South	198892178	219363994	263115329	259111301	361043123
Manyam	AndhraPradesh	South	170473342	241557054	194814905	441587573	163466292
NTRDistrict	AndhraPradesh	South	265788751	391463973	206949064	311737419	357502976
Nandyal	AndhraPradesh	South	298248238	166676839	314923551	332770776	321747490
Palnadu	AndhraPradesh	South	136414685	220096438	168605609	376546526	235941648
Prakasam	AndhraPradesh	South	277459029	285723441	286577959	334992523	253044221
SPSNellore	AndhraPradesh	South	260344249	499926756	159071627	361079745	277397992
SriSatyasaiDistrict	AndhraPradesh	South	179213843	468138677	178225043		237553026
Sri.BalajiDist	AndhraPradesh	South	330439161	320209357	102417065	430735191	232450331
Srikakulam	AndhraPradesh	South	432822657		118799401	288494522	429819636
Vishakhapatnam	AndhraPradesh	South	454515214	435044405	327863399	151393170	159035004
Vizianagaram	AndhraPradesh	South	348811304	198977630	417233803	374739830	309723197
WestGodavari	AndhraPradesh	South	349250771	296246223	461473434	338373974	216360973
YSRKadapa	AndhraPradesh	South	377156896	147804193	164796899	462694174	115186010
Bilaspur(HP)	HimachalPradesh	North	140894802	249113437	163637196	317157506	121338541
Chamba	HimachalPradesh	North	246488845	462401197	227140110	135889767	479393903
Hamirpur (HP)	HimachalPradesh	North	403537096	475695059	400228889	179128391	458079776
Kangra	HimachalPradesh	North	154567095	324347667	459654531	252470473	479967651
Kinnaur	HimachalPradesh	North	173207800	185610522	413937804	106335642	174965666
Kullu	HimachalPradesh	North	297759941	244743187	153688162	489416181	357588428
Lahaul&Spiti	HimachalPradesh	North	337836848	410507523	448960845	474254586	246501053
Mandi	HimachalPradesh	North	374971771	484948272	375826289	320282601	197097689
Shimla	HimachalPradesh	North	351460311	387691885	219888912	384005249	259416486
Sirmaur	HimachalPradesh	North	480504777	423508408	130982390	133191930	149989318
Solan	HimachalPradesh	North	436997589	340998566	402548296	491564684	420517594
Una	HimachalPradesh	North	394686728	342023988	431687369	344026002	333942686
