Districts,States,Regions,2020,2021,2022,2023,2024,Total
Adilabad,Telangana,South,318329417.0,281463057.0,156410413.0,117981505.0,235489975.0,1109674367.0
AgarMalwa,MadhyaPradesh,Central,387325663.0,394051943.0,109729300.0,235343486.0,399716178.0,1526166570.0
Agra,UttarPradesh,North,417404706.0,309259316.0,102124088.0,181228065.0,181447798.0,1191463973.0
Ahmedabad,Gujarat,West,338276315.0,399716178.0,196938993.0,222110660.0,411471908.0,1568514054.0
Ahmednagar,Maharashtra,West,174587237.0,263469344.0,219510483.0,116699728.0,428989532.0,1203256324.0
Aizawl,Mizoram,East,137940611.0,399276712.0,340217292.0,153346354.0,173830378.0,1204611347.0
Ajmer,Rajasthan,North,135340434.0,363911863.0,326789148.0,299273659.0,377913755.0,1503228859.0
Akola,Maharashtra,West,181228065.0,155494857.0,444944609.0,224088259.0,491637929.0,1497393719.0
Alappuzha,Kerela,South,210013123.0,459422590.0,126245918.0,309308145.0,323285623.0,1428275399.0
Aligarh,UttarPradesh,North,236002685.0,203396710.0,418051699.0,493725395.0,297491379.0,1648667868.0
Alipurduar,WestBengal,East,475658437.0,470983002.0,128992584.0,400021363.0,320282601.0,1795937987.0
Alirajpu,MadhyaPradesh,Central,205459761.0,324347667.0,261406293.0,262578204.0,141346476.0,1195138401.0
AlluriSitharamaRaju,AndhraPradesh,South,477867977.0,242460402.0,345759453.0,159254738.0,404647969.0,1629990539.0
Almora,Uttarakhand,North,150636311.0,370174261.0,188772240.0,359077731.0,396993927.0,1465654470.0
Alwar,Rajasthan,North,415219581.0,499145482.0,413571581.0,110498367.0,282427442.0,1720862453.0
Ambala,Haryana,North,351948607.0,421225624.0,402963348.0,217801446.0,307000946.0,1700939971.0
AmbedkarNagar,UttarPradesh,North,424875637.0,333454390.0,415060885.0,109729300.0,122608111.0,1405728323.0
Amethi,UttarPradesh,North,246977142.0,423776971.0,127100436.0,465721611.0,454637288.0,1718213448.0
Amravati,Maharashtra,West,431638539.0,310931730.0,393612476.0,328168584.0,143690298.0,1608041627.0
Amreli,Gujarat,West,102490310.0,491003144.0,424082156.0,278899502.0,302789392.0,1599264504.0
Amritsar,Punjab,North,171388897.0,385250405.0,408859524.0,211014130.0,179958495.0,1356471451.0
Amroha,UttarPradesh,North,421884823.0,473448897.0,193044831.0,408847316.0,445323039.0,1942548906.0
Anakapalli,AndhraPradesh,South,242631306.0,310760826.0,446702475.0,358357494.0,243620105.0,1602072206.0
Anand,Gujarat,West,414340648.0,485351116.0,389596240.0,122522660.0,194302194.0,1606112858.0
Ananthapuram,AndhraPradesh,South,190969573.0,347907956.0,454954680.0,475890378.0,160084841.0,1629807428.0
Anantnag,JammuandKashmir,North,269084750.0,172231208.0,350618000.0,248661763.0,364925077.0,1405520798.0
AngulAngul,Odisha,East,160756248.0,476451919.0,152064577.0,146888638.0,228360851.0,1164522233.0
Anjaw,ArunachalPradesh,East,321417890.0,467442855.0,407113865.0,157008575.0,294085513.0,1647068698.0
Annamayya,AndhraPradesh,South,146742149.0,428171636.0,182143620.0,158107242.0,418686484.0,1333851131.0
Anuppur,MadhyaPradesh,Central,300189215.0,312262337.0,188174077.0,490209663.0,196230964.0,1487066256.0
Araria,Bihar,East,287896359.0,214322336.0,142335276.0,279107028.0,378072451.0,1301733450.0
Aravalli,Gujarat,West,344343394.0,466612751.0,376998200.0,431296732.0,461082797.0,2080333874.0
Ariyalur,TamilNadu,South,338447218.0,239603870.0,180068361.0,492236092.0,158742027.0,1409097568.0
Arwal,Bihar,East,338410596.0,130787072.0,198062074.0,469017610.0,419711906.0,1555989258.0
Ashoknagar,MadhyaPradesh,Central,237699515.0,246903897.0,381600391.0,401278726.0,138758507.0,1406241036.0
Auraiya,UttarPradesh,North,461436812.0,105005035.0,492858669.0,390572833.0,262749107.0,1712622456.0
Aurangabad,Bihar,East,331501206.0,141041291.0,167983031.0,449168371.0,133533738.0,1223227637.0
Ayodhya,UttarPradesh,North,303155614.0,352302622.0,470165106.0,391561632.0,389730522.0,1906915496.0
Azamgarh,UttarPradesh,North,346198920.0,309613331.0,463707389.0,240079958.0,479979858.0,1839579456.0
Bagalakote,Karnataka,East,157814264.0,397994934.0,359675894.0,276287118.0,176711325.0,1368483535.0
Bageshwar,Uttarakhand,North,155287331.0,108594012.0,231058687.0,315570544.0,109265419.0,919775993.0
Baghpat,UttarPradesh,North,398251290.0,494201484.0,360078738.0,183120212.0,206448561.0,1642100285.0
Bahraich,UttarPradesh,North,195596179.0,241227454.0,493762017.0,281756035.0,339472640.0,1551814325.0
Bajali,Assam,East,103991821.0,209707938.0,166713461.0,149586474.0,410214545.0,1040214239.0
Baksa,Assam,East,130640583.0,267790765.0,332636494.0,368477432.0,392306284.0,1491851558.0
Balaghat,MadhyaPradesh,Central,133411664.0,138062685.0,328437147.0,434104435.0,417819758.0,1451835689.0
Balangir,Odisha,East,123865474.0,141492965.0,389291055.0,251542711.0,124976348.0,1031168553.0
Balasore(Baleswar,Odisha,East,100146488.0,277361370.0,387093723.0,289434492.0,375142674.0,1429178747.0
Ballari,Karnataka,East,158778649.0,259929197.0,322077090.0,115967284.0,161854915.0,1018607135.0
Ballia,UttarPradesh,North,126026184.0,412790308.0,236454359.0,443833736.0,195803705.0,1414908292.0
Balod,Chhattisgarh,Central,430539873.0,179775383.0,200820948.0,234220405.0,335590686.0,1380947295.0
BalodaBazar,Chhattisgarh,Central,153212073.0,356123539.0,117322306.0,312005982.0,128870510.0,1067534410.0
Balrampur,Chhattisgarh,Central,368257698.0,101794488.0,381099887.0,398507645.0,495080417.0,1744740135.0
Balrampur (UP),UttarPradesh,North,190115055.0,339057589.0,448716697.0,193887142.0,105310220.0,1277086703.0
Banaskantha,Gujarat,West,146644489.0,106360057.0,354243599.0,300457778.0,179628895.0,1087334818.0
Banda,UttarPradesh,North,222086245.0,242631306.0,296356090.0,305401776.0,418918424.0,1485393841.0
Bandipore,JammuandKashmir,North,411410871.0,177016510.0,455479599.0,133082064.0,444749291.0,1621738335.0
Banka,Bihar,East,455137791.0,290984832.0,207095553.0,110998870.0,272856838.0,1337073884.0
Bankura,WestBengal,East,353877377.0,286968596.0,335065767.0,201614429.0,110596026.0,1288122195.0
Banswara,Rajasthan,North,274822230.0,402438429.0,381734672.0,198635822.0,359822382.0,1617453535.0
Bapatla,AndhraPradesh,South,365144810.0,260576189.0,211770989.0,319647816.0,489635915.0,1646775719.0
Barabanki,UttarPradesh,North,302264473.0,242887661.0,262114322.0,241886654.0,107934812.0,1157087922.0
Baramulla,JammuandKashmir,North,226163518.0,283330790.0,255778680.0,261833552.0,407626576.0,1434733116.0
Baran,Rajasthan,North,249394207.0,139588610.0,431675161.0,332111576.0,106872768.0,1259642322.0
Bareilly,UttarPradesh,North,340388196.0,211197241.0,114429151.0,397372357.0,151673940.0,1215060885.0
Bargarh(Baragarh,Odisha,East,100146488.0,492590106.0,120386364.0,362153997.0,110315256.0,1185592211.0
Barmer,Rajasthan,North,120777001.0,329572436.0,323407697.0,249919126.0,440610981.0,1464287241.0
Barnala,Punjab,North,163856929.0,288982818.0,236002685.0,369002350.0,224198126.0,1282042908.0
Barpeta,Assam,East,459385968.0,444566180.0,323346660.0,203372295.0,356184576.0,1786855679.0
Barwani,MadhyaPradesh,Central,371358379.0,176161992.0,226920377.0,494518876.0,185891293.0,1454850917.0
Bastar,Chhattisgarh,Central,215066988.0,257744072.0,226236762.0,317719047.0,192837306.0,1209604175.0
Basti,UttarPradesh,North,336237678.0,269548631.0,320209357.0,481908628.0,459569079.0,1867473373.0
Bathinda,Punjab,North,366975921.0,400827052.0,350849941.0,231815546.0,338557085.0,1689025545.0
Beed,Maharashtra,West,338593707.0,332477798.0,306268502.0,444871365.0,270024720.0,1692236092.0
Begusarai,Bihar,East,275701163.0,274346141.0,439512315.0,312909330.0,429648732.0,1732117681.0
Belagavi,Karnataka,East,235843989.0,495922728.0,318659017.0,294586016.0,475536363.0,1820548113.0
Bemetara,Chhattisgarh,Central,297503586.0,457359539.0,164650410.0,256926176.0,413229774.0,1589669485.0
BengaluruRural,Karnataka,East,482873013.0,381246376.0,412253182.0,478893399.0,385702079.0,2140968049.0
BengaluruUrban,Karnataka,East,387838374.0,485412153.0,265739921.0,150685140.0,282671590.0,1572347178.0
Betul,MadhyaPradesh,Central,168190557.0,435386212.0,241325114.0,251591540.0,384749901.0,1481243324.0
Bhadohi,UttarPradesh,North,327179785.0,355879391.0,474999237.0,402633748.0,463023774.0,2023715935.0
BhadradriKothagudem,Telangana,South,191775261.0,100146488.0,250175481.0,332099368.0,198403882.0,1072600480.0
Bhadrak,Odisha,East,363863033.0,447691275.0,106445509.0,250028992.0,107873775.0,1275902584.0
Bhagalpur,Bihar,East,138026062.0,429050569.0,331452376.0,225821711.0,154237495.0,1278588213.0
Bhandara,Maharashtra,West,209012116.0,336738182.0,155262917.0,187356181.0,349775689.0,1238145085.0
Bharatpur,Rajasthan,North,211526841.0,337995544.0,251860103.0,216202276.0,448081912.0,1465666676.0
Bharuch,Gujarat,West,226676229.0,317560350.0,491625721.0,201040681.0,262907803.0,1499810784.0
Bhavnagar,Gujarat,West,251994384.0,325373089.0,489416181.0,326557207.0,381807917.0,1775148778.0
Bhilwara,Rajasthan,North,402755822.0,438853115.0,315778069.0,354927213.0,150843836.0,1663158055.0
Bhind,MadhyaPradesh,Central,348640401.0,201077303.0,308868679.0,497814875.0,471275979.0,1827677237.0
Bhiwani,Haryana,North,396554461.0,381282998.0,292559587.0,485570849.0,156312753.0,1712280648.0
Bhojpur,Bihar,East,485741753.0,486913664.0,458726768.0,330341502.0,414987640.0,2176711327.0
Bhopal,MadhyaPradesh,Central,498559527.0,468028810.0,122693563.0,318427076.0,104870754.0,1512579730.0
Bidar,Karnataka,East,332331309.0,428354747.0,459801020.0,443418684.0,149122592.0,1813028352.0
Bijapur,Chhattisgarh,Central,218265328.0,261552782.0,315668203.0,123816644.0,220462660.0,1139765617.0
Bijnor,UttarPradesh,North,457176428.0,232926420.0,178432569.0,281218909.0,282134465.0,1431888791.0
Bikaner,Rajasthan,North,228250984.0,456566058.0,222550126.0,227188940.0,139600817.0,1274156925.0
Bilaspur,Chhattisgarh,Central,469408247.0,199575792.0,297393719.0,180910672.0,473461105.0,1620749535.0
Bilaspur(HP),HimachalPradesh,North,140894802.0,249113437.0,163637196.0,317157506.0,121338541.0,992141482.0
Birbhum,WestBengal,East,234110538.0,183095797.0,364900662.0,171254616.0,182668538.0,1136030151.0
Bishnupur,Manipur,East,185036775.0,252421644.0,191872921.0,181337931.0,291656239.0,1102325510.0
Biswanath,Assam,East,493090610.0,174330881.0,220963164.0,111230811.0,245817438.0,1245432904.0
BiswanathChariali,Assam,East,399508652.0,336310923.0,393099765.0,115417951.0,187331766.0,1431669057.0
Bokaro,Jharkhand,East,311725211.0,308893094.0,283880123.0,208426160.0,239188818.0,1352113406.0
Bongaigaon,Assam,East,138233588.0,235526597.0,430784021.0,351423689.0,167018646.0,1322986541.0
Botad,Gujarat,West,452537614.0,121411786.0,300286874.0,320966216.0,445457320.0,1640659810.0
Boudh(Bauddh,Odisha,East,192910550.0,251823481.0,278960540.0,401388592.0,376302378.0,1501385541.0
Budaun,UttarPradesh,North,370088809.0,178493606.0,103515732.0,176723533.0,115161595.0,943983275.0
Budgam,JammuandKashmir,North,255095065.0,257341227.0,263347270.0,113953062.0,235673086.0,1125409710.0
Bulandshahr,UttarPradesh,North,116846217.0,387215797.0,170778527.0,173415326.0,493578906.0,1341834773.0
Buldhana,Maharashtra,West,321356853.0,325189978.0,472655416.0,409518723.0,292974639.0,1821695609.0
Bundi,Rajasthan,North,336140019.0,442100284.0,379549547.0,491711173.0,110376293.0,1759877316.0
Burhanpur,MadhyaPradesh,Central,265800958.0,298614460.0,424289682.0,262260811.0,441404462.0,1692370373.0
Buxar,Bihar,East,480394910.0,472862942.0,289300211.0,178591265.0,134498123.0,1555647451.0
Cachar,Assam,East,497595142.0,443870358.0,380745873.0,474059267.0,189138462.0,1985409102.0
CentralDelhi,Delhi,North,399935911.0,445567187.0,280413221.0,368208869.0,204873806.0,1698998994.0
Chamarajanagara,Karnataka,East,191067232.0,401913511.0,317731254.0,450035097.0,439475692.0,1800222786.0
Chamba,HimachalPradesh,North,246488845.0,462401197.0,227140110.0,135889767.0,479393903.0,1551313822.0
Chamoli,Uttarakhand,North,177663503.0,250321970.0,319708853.0,486877041.0,147535630.0,1382106997.0
Champawat,Uttarakhand,North,214798425.0,458006531.0,215128025.0,218509476.0,379183325.0,1485625782.0
Champhai,Mizoram,East,429380169.0,421762749.0,437668997.0,200405896.0,311822871.0,1801040682.0
Chandauli,UttarPradesh,North,384627827.0,449705497.0,361445967.0,140321054.0,156422620.0,1492522965.0
Chandel,Manipur,East,218179876.0,385531175.0,484704124.0,457603687.0,105554368.0,1651573230.0
Chandrapur,Maharashtra,West,464903715.0,368758202.0,338776818.0,362605670.0,153248695.0,1688293100.0
Changlang,ArunachalPradesh,East,441917173.0,363301493.0,378548540.0,172475356.0,337824641.0,1694067203.0
Changthang,Ladakh,North,254631184.0,243888668.0,201016266.0,250822474.0,250138859.0,1200497451.0
Charaideo,Assam,East,138319040.0,368953520.0,357954650.0,201980651.0,275652333.0,1342860194.0
CharkhiDadri,Haryana,North,103967406.0,453721733.0,208938871.0,182058168.0,189846492.0,1138532670.0
Chatra,Jharkhand,East,474901578.0,160231330.0,397726371.0,191970580.0,327204199.0,1552034058.0
Chengalpattu,TamilNadu,South,139100314.0,291692862.0,252787866.0,413473922.0,497802668.0,1594857632.0
Chennai,TamilNadu,South,250993377.0,457042146.0,389425337.0,298345897.0,380477310.0,1776284067.0
Chhatarpur,MadhyaPradesh,Central,410544145.0,426267281.0,481322673.0,194485305.0,265092929.0,1777712333.0
Chhatrapati Sambhajinagar,Maharashtra,West,412680441.0,290765099.0,275261696.0,249626148.0,390450759.0,1618784143.0
Chhindwara,MadhyaPradesh,Central,487548449.0,123450422.0,487853634.0,432749413.0,320343638.0,1851945556.0
ChhotaUdaipur,Gujarat,West,137171544.0,392025514.0,460679953.0,285430464.0,128211310.0,1403518785.0
Chikkaballapura,Karnataka,East,235319071.0,185610522.0,230387280.0,481554613.0,154176458.0,1287047944.0
Chikkamagaluru,Karnataka,East,110071108.0,364656514.0,303448592.0,171401104.0,338508255.0,1288085573.0
Chirang,Assam,East,320807520.0,336664937.0,385653249.0,497314372.0,341792047.0,1882232125.0
Chitradurga,Karnataka,East,252238533.0,282158879.0,430430006.0,417429121.0,323358867.0,1705615406.0
Chitrakoot,UttarPradesh,North,164503921.0,227140110.0,410470901.0,251347392.0,442649617.0,1496111941.0
Chittoor,AndhraPradesh,South,365108188.0,183779412.0,388290048.0,205435346.0,225101474.0,1367714468.0
Chittorgarh,Rajasthan,North,195217749.0,405697806.0,482873013.0,149647511.0,382284005.0,1615720084.0
Churachandpur,Manipur,East,327936644.0,363374737.0,145326090.0,146888638.0,462950530.0,1446476639.0
Churu,Rajasthan,North,453294473.0,384578997.0,147303689.0,171938230.0,411667226.0,1568782615.0
Chümoukedima,Nagaland,East,259331034.0,361507004.0,491161840.0,137256996.0,100146488.0,1349403362.0
Coimbatore,TamilNadu,South,125965147.0,458226265.0,322260201.0,446787927.0,226187933.0,1579427473.0
CoochBehar,WestBengal,East,199795526.0,365938292.0,299871822.0,146180608.0,227555162.0,1239341410.0
Cuddalore,TamilNadu,South,320209357.0,267839595.0,356721702.0,232084109.0,168056276.0,1344911039.0
Cuttack(Katak),Odisha,East,475804926.0,406393628.0,113306070.0,281414228.0,355586413.0,1632505265.0
Dahod,Gujarat,West,221207312.0,160829493.0,238285470.0,460496842.0,199441511.0,1280260628.0
DakshinDinajpur,WestBengal,East,428562273.0,372029786.0,256743065.0,393734550.0,399752800.0,1850822474.0
DakshinaKannada,Karnataka,East,117822809.0,258330027.0,482897428.0,417648854.0,148048341.0,1424747459.0
Damoh,MadhyaPradesh,Central,381087680.0,156947538.0,100146488.0,168947416.0,272539445.0,1079668567.0
Dang,Gujarat,West,257866146.0,180813013.0,145240638.0,368294321.0,401559496.0,1353773614.0
Dantewada(DakshinBastar),Chhattisgarh,Central,144508194.0,151515244.0,471312602.0,485387738.0,135132908.0,1387856686.0
Darbhanga,Bihar,East,276445814.0,178469191.0,218265328.0,472801905.0,352851955.0,1498834193.0
Darjeeling,WestBengal,East,359431746.0,261113315.0,272258675.0,114954069.0,484093753.0,1491851558.0
Darrang,Assam,East,404110843.0,427304911.0,134937589.0,257475509.0,222037415.0,1445866267.0
Datia,MadhyaPradesh,Central,467870114.0,189150670.0,426731163.0,339960936.0,431662954.0,1855375837.0
Dausa,Rajasthan,North,201590014.0,343440046.0,264531388.0,223636585.0,292193365.0,1325391398.0
Davanagere,Karnataka,East,472997223.0,389339885.0,247807245.0,406723228.0,456529435.0,1973397016.0
Debagarh(Deogarh,Odisha,East,100146488.0,462254708.0,360725730.0,191738639.0,173891415.0,1288756980.0
Dehradun,Uttarakhand,North,399349956.0,388338878.0,204776146.0,209707938.0,418723106.0,1620896024.0
Deoghar,Jharkhand,East,453367718.0,222159490.0,245609912.0,270683920.0,254313791.0,1446134831.0
Deoria,UttarPradesh,North,267363506.0,376143681.0,364851833.0,461973938.0,355671865.0,1826004823.0
DevbhumiDwarka,Gujarat,West,440488907.0,169814142.0,456505021.0,333161412.0,410885953.0,1810855435.0
Dewas,MadhyaPradesh,Central,134827723.0,473107090.0,367036958.0,402597125.0,413119908.0,1790688804.0
Dhalai,Tripura,South,276030763.0,177736747.0,225797296.0,235880611.0,101257362.0,1016702779.0
Dhamtari,Chhattisgarh,Central,473009431.0,308746605.0,321308023.0,120984527.0,219730216.0,1443778802.0
Dhanbad,Jharkhand,East,491491440.0,321771905.0,487353130.0,175856807.0,491113011.0,1967586293.0
Dhar,MadhyaPradesh,Central,421958068.0,498254342.0,288872951.0,474645223.0,195803705.0,1879534289.0
Dharmapuri,TamilNadu,South,309698782.0,328901029.0,260649434.0,332258065.0,411984619.0,1643491929.0
Dharwada,Karnataka,East,139051484.0,361079745.0,189883114.0,107666249.0,475035860.0,1272716452.0
Dhemaji,Assam,East,126221503.0,437009797.0,183681753.0,459569079.0,225333415.0,1431815547.0
Dhenkanal,Odisha,East,102368236.0,266618854.0,119360942.0,483104954.0,150733970.0,1122186956.0
Dholpur,Rajasthan,North,309662160.0,405673391.0,219058809.0,234623249.0,340815455.0,1509833064.0
Dhubri,Assam,East,324213385.0,109961241.0,292791528.0,362117374.0,386532182.0,1475615710.0
Dhule,Maharashtra,West,176564836.0,262797937.0,438499100.0,110437330.0,191128269.0,1179427472.0
DibangValley,ArunachalPradesh,East,201736503.0,326020081.0,217447432.0,113489181.0,425095371.0,1283788568.0
Dibrugarh,Assam,East,358809168.0,277105014.0,101806695.0,434006775.0,183120212.0,1354847864.0
DimaHasao,Assam,East,404733421.0,414902188.0,113940855.0,364595477.0,159743034.0,1457914975.0
Dimapur,Nagaland,East,463109226.0,185036775.0,444798120.0,216800439.0,163197729.0,1472942289.0
Dindigul,TamilNadu,South,203787347.0,191421247.0,371224098.0,108227790.0,154518265.0,1029178747.0
Dindori,MadhyaPradesh,Central,342805261.0,132630390.0,183803827.0,429001740.0,315082247.0,1403323465.0
Doda,JammuandKashmir,North,275896481.0,361787774.0,209158604.0,220462660.0,120545060.0,1187850579.0
Drass,Ladakh,North,190383617.0,143311868.0,387899411.0,418820765.0,207705923.0,1348121584.0
Dumka,Jharkhand,East,193435468.0,170973845.0,498571734.0,393563647.0,100146488.0,1356691182.0
Dungarpur,Rajasthan,North,203250221.0,353926206.0,444810328.0,272917875.0,297869808.0,1572774438.0
Durg,Chhattisgarh,Central,200283822.0,118005920.0,117676320.0,266924039.0,153968932.0,856859033.0
EastChamparan(Motihari),Bihar,East,485522020.0,257951598.0,162709433.0,182033753.0,123780022.0,1211996826.0
EastDelhi,Delhi,North,363264870.0,377303385.0,184609515.0,263432722.0,177590258.0,1366200750.0
EastGaroHill,Meghalaya,East,412936796.0,312396619.0,309210486.0,153285317.0,157130649.0,1344959867.0
EastGodavari,AndhraPradesh,South,463512070.0,123914304.0,412497330.0,347260964.0,111511581.0,1458696249.0
EastJaintiaHills,Meghalaya,East,228861354.0,482665487.0,374373608.0,339692374.0,122937711.0,1548530534.0
EastKameng,ArunachalPradesh,East,358882412.0,348432875.0,417001862.0,469725639.0,226029237.0,1820072025.0
EastKhasiHills,Meghalaya,East,218350780.0,373323771.0,222049623.0,346491897.0,126758629.0,1286974700.0
EastSiang,ArunachalPradesh,East,144715720.0,232572405.0,416696677.0,382845546.0,344294565.0,1521124913.0
EastSikkim,Sikkim,East,230021058.0,265422529.0,138868373.0,293365276.0,363704337.0,1291381573.0
EastSinghbhum,Jharkhand,East,131287575.0,408359020.0,395956298.0,385946227.0,330085147.0,1651634267.0
EasternWestKhasiHills,Meghalaya,East,133777886.0,224735252.0,365669729.0,148963896.0,438462478.0,1311609241.0
Eluru,AndhraPradesh,South,402768029.0,108044679.0,261919004.0,370625935.0,195059053.0,1338416700.0
Ernakulam,Kerela,South,450303660.0,187185278.0,148341319.0,372688986.0,306524857.0,1465044100.0
Erode,TamilNadu,South,184145634.0,368453017.0,459898679.0,460936308.0,406540117.0,1879973755.0
Etah,UttarPradesh,North,394955291.0,489159826.0,450706504.0,192812891.0,408651998.0,1936286510.0
Etawah,UttarPradesh,North,267217017.0,475499741.0,392294077.0,336310923.0,463060397.0,1934382155.0
Faridabad,Haryana,North,454393140.0,389083529.0,224124882.0,129505295.0,197927793.0,1395034639.0
Faridkot,Punjab,North,330195013.0,252983184.0,442771691.0,389449751.0,430051577.0,1845451216.0
Farrukhabad,UttarPradesh,North,480394910.0,213589892.0,124610126.0,261076693.0,438987396.0,1518659017.0
Fatehabad,Haryana,North,390292062.0,366316721.0,141285439.0,220255135.0,432444228.0,1550593585.0
FatehgarhSahib,Punjab,North,180166020.0,172389904.0,492761010.0,366194647.0,465587329.0,1677098910.0
Fatehpur,UttarPradesh,North,155641346.0,417600025.0,306683554.0,482421339.0,222867519.0,1585213783.0
Fazilka[16],Punjab,North,138526566.0,415427107.0,269963683.0,333381146.0,414255196.0,1571553698.0
Firozabad,UttarPradesh,North,208474990.0,400888089.0,265654469.0,476390882.0,435984375.0,1787392805.0
Firozpur,Punjab,North,141138950.0,449913023.0,319183935.0,289263588.0,351301615.0,1550801111.0
Gadaga,Karnataka,East,210660115.0,291180151.0,185622730.0,299578845.0,150025940.0,1137067781.0
Gadchiroli,Maharashtra,West,178798791.0,368538469.0,215091403.0,206106754.0,307147435.0,1275682852.0
Gajapati,Odisha,East,431980346.0,467845699.0,267876217.0,414242989.0,127674184.0,1709619435.0
Ganderbal,JammuandKashmir,North,235258034.0,195315409.0,355488754.0,295147557.0,192068239.0,1273277993.0
Gandhinagar,Gujarat,West,301275674.0,319354839.0,417514573.0,205508591.0,375093845.0,1618747522.0
Ganjam,Odisha,East,296893216.0,334492019.0,423801386.0,458751183.0,117712942.0,1631650746.0
Garhwa,Jharkhand,East,437974182.0,245573290.0,372481460.0,111963255.0,424839015.0,1592831202.0
Gariaband,Chhattisgarh,Central,150013733.0,205752739.0,260600604.0,168703268.0,209866634.0,994936978.0
Gaurela-Pendra-Marwahi,Chhattisgarh,Central,239786981.0,340437025.0,115552232.0,414279611.0,479992066.0,1590047915.0
GautamBuddhaNagar,UttarPradesh,North,161305581.0,234476760.0,282866909.0,287713248.0,362044130.0,1328406628.0
Gaya,Bihar,East,497656179.0,384078494.0,284868923.0,349714652.0,111145359.0,1627463607.0
Ghaziabad,UttarPradesh,North,455894650.0,473656423.0,373067416.0,464964752.0,474120304.0,2241703545.0
Ghazipur,UttarPradesh,North,426340526.0,328131962.0,454942473.0,255046235.0,281682791.0,1746143987.0
GirSomnath,Gujarat,West,122461623.0,141517380.0,412326426.0,481542406.0,232718894.0,1390566729.0
Giridih,Jharkhand,East,216275521.0,479772332.0,292144536.0,297820978.0,398214667.0,1684228034.0
Goalpara,Assam,East,361775567.0,307123020.0,275176244.0,383455916.0,346845912.0,1674376659.0
Godda,Jharkhand,East,207046724.0,463621937.0,405417036.0,163307596.0,386446730.0,1625840023.0
Golaghat,Assam,East,415268411.0,464537492.0,162294381.0,304779199.0,452586444.0,1799465927.0
Gomati,Tripura,South,343086032.0,129358806.0,158510086.0,137415692.0,310785241.0,1079155857.0
Gonda,UttarPradesh,North,215189062.0,491442610.0,481444747.0,308124027.0,479186377.0,1975386823.0
Gondia,Maharashtra,West,383162939.0,213711966.0,358552812.0,177602466.0,270549638.0,1403579821.0
Gopalganj,Bihar,East,186049989.0,402328563.0,274871059.0,160109256.0,194766075.0,1218124942.0
Gorakhpur,UttarPradesh,North,489049959.0,261284219.0,426389355.0,223734245.0,339399396.0,1739857174.0
Gumla,Jharkhand,East,286553545.0,297796564.0,268999298.0,321588794.0,122070986.0,1297009187.0
Guna,MadhyaPradesh,Central,338532670.0,383101902.0,224735252.0,413449507.0,387459945.0,1747279276.0
Guntur,AndhraPradesh,South,485558642.0,276409192.0,455760369.0,445323039.0,343684195.0,2006735437.0
Gurdaspur,Punjab,North,101782280.0,418015076.0,424875637.0,461693167.0,406979583.0,1813345743.0
Gurugram,Haryana,North,266386914.0,499743645.0,154066591.0,448057497.0,234806360.0,1603061007.0
Gwalior,MadhyaPradesh,Central,401913511.0,478624836.0,299774163.0,447898801.0,472447890.0,2100659201.0
Hailakandi,Assam,East,435593738.0,150917081.0,181191442.0,253556932.0,271001312.0,1292260505.0
Hamirpur (HP),HimachalPradesh,North,403537096.0,475695059.0,400228889.0,179128391.0,458079776.0,1916669211.0
Hamirpur (UP),UttarPradesh,North,112060914.0,306817835.0,169252601.0,486986908.0,283306375.0,1358424633.0
Hanamkonda,Telangana,South,213126011.0,478588214.0,301544237.0,129908139.0,287273782.0,1410440383.0
Hanumangarh,Rajasthan,North,490856655.0,273540452.0,175087740.0,305706961.0,255485702.0,1500677510.0
Hapur,UttarPradesh,North,251860103.0,455455184.0,371419416.0,279815058.0,476195563.0,1834745324.0
Harda,MadhyaPradesh,Central,480980865.0,342255928.0,497521898.0,415048677.0,110754722.0,1846562090.0
Hardoi,UttarPradesh,North,451036104.0,448558001.0,448289438.0,196975615.0,332758568.0,1877617726.0
Haridwar,Uttarakhand,North,360676901.0,106506546.0,117725150.0,246256905.0,248966948.0,1080132450.0
Hassan,Karnataka,East,463597522.0,212198248.0,336677145.0,243607898.0,308062990.0,1564143803.0
Hathras,UttarPradesh,North,103039643.0,289605396.0,146852015.0,396749779.0,364815211.0,1301062044.0
Haveri,Karnataka,East,279766228.0,306781213.0,487524034.0,295721305.0,212576678.0,1582369458.0
Hazaribag,Jharkhand,East,275347148.0,262810144.0,224051637.0,173195593.0,216019165.0,1151423687.0
Hingoli,Maharashtra,West,209134190.0,137781914.0,128516495.0,396371349.0,362361522.0,1234165470.0
Hisar,Haryana,North,149427778.0,137745292.0,105761894.0,414316233.0,216287728.0,1023538925.0
Hnahthial,Mizoram,East,285503708.0,120215460.0,310272530.0,372969756.0,140052491.0,1229013945.0
Hojai,Assam,East,342976165.0,270342112.0,309747612.0,172841578.0,101953184.0,1197860651.0
Hooghly,WestBengal,East,108325449.0,370992157.0,386007264.0,304486221.0,141077913.0,1310889004.0
Hoshiarpur,Punjab,North,320062868.0,185341960.0,221781060.0,477941222.0,226163518.0,1431290628.0
Howrah,WestBengal,East,407296976.0,424179815.0,496313365.0,403634755.0,234550004.0,1965974915.0
Hyderabad,Telangana,South,485265664.0,488659322.0,263591418.0,251969970.0,141554002.0,1631040376.0
Idukki,Kerela,South,493542284.0,339387188.0,263798944.0,256804102.0,322602008.0,1676134526.0
ImphalEast,Manipur,East,463353374.0,484276864.0,351850948.0,367976928.0,233097323.0,1900555437.0
ImphalWest,Manipur,East,386959441.0,408713035.0,300274667.0,334577471.0,166200750.0,1596725364.0
Indore,MadhyaPradesh,Central,320905179.0,238065737.0,113672292.0,204556413.0,381698050.0,1258897671.0
Jabalpur,MadhyaPradesh,Central,292205573.0,461375775.0,372627949.0,419846187.0,423386334.0,1969441818.0
Jagatsinghpur,Odisha,East,176381725.0,308648946.0,270403149.0,190505691.0,170949431.0,1116888942.0
Jagtial,Telangana,South,125635548.0,163930173.0,230411695.0,428073977.0,420151372.0,1368202765.0
Jaipur,Rajasthan,North,477172155.0,326947844.0,284856716.0,245377972.0,392941069.0,1727295756.0
Jaisalmer,Rajasthan,North,267363506.0,279241310.0,178615680.0,354158147.0,170412305.0,1249790948.0
Jajpur,Odisha,East,432786035.0,220987579.0,404672384.0,226456496.0,389242226.0,1674144720.0
Jalandhar,Punjab,North,392196417.0,179726554.0,206900235.0,215994751.0,137000640.0,1131818597.0
Jalaun,UttarPradesh,North,359566027.0,321979431.0,264055299.0,141871395.0,420212409.0,1507684561.0
Jalgaon,Maharashtra,West,286809900.0,453111362.0,100146488.0,114758751.0,109607226.0,1064433727.0
Jalna,Maharashtra,West,200991851.0,452842800.0,458226265.0,142677083.0,237247841.0,1491985840.0
Jalore,Rajasthan,North,441343425.0,437742241.0,174977874.0,410263375.0,484325694.0,1948652609.0
Jalpaiguri,WestBengal,East,110998870.0,490160833.0,378548540.0,281768242.0,129163487.0,1390639972.0
Jammu,JammuandKashmir,North,224503311.0,144825586.0,169032868.0,226664022.0,205728324.0,970754111.0
Jamnagar,Gujarat,West,291521958.0,411496323.0,262236396.0,178566850.0,322125919.0,1465947446.0
Jamtara,Jharkhand,East,450132756.0,359859005.0,295135350.0,394149602.0,287847529.0,1787124242.0
Jamui,Bihar,East,222611163.0,334858242.0,237113559.0,334284494.0,468272958.0,1597140416.0
Jangaon,Telangana,South,359712516.0,380928984.0,235624256.0,402194281.0,453306681.0,1831766718.0
Janjgir-Champa,Chhattisgarh,Central,494653158.0,322931608.0,298492386.0,159132664.0,109546189.0,1384756005.0
Jashpur,Chhattisgarh,Central,378231147.0,461436812.0,397006134.0,475988037.0,258354442.0,1971016572.0
Jaunpur,UttarPradesh,North,177785577.0,343549913.0,482164984.0,304559465.0,284954375.0,1593014314.0
JayashankarBhupalpally,Telangana,South,419284646.0,248405408.0,324958037.0,168129520.0,326129948.0,1486907559.0
Jehanabad,Bihar,East,277898495.0,350032045.0,223331400.0,355977050.0,435361797.0,1642600787.0
Jhabua,MadhyaPradesh,Central,113000885.0,136158330.0,412204352.0,282500687.0,371529283.0,1315393537.0
Jhajjar,Haryana,North,331220435.0,112720114.0,122693563.0,229129917.0,301348918.0,1097112947.0
Jhalawar,Rajasthan,North,401400800.0,344001587.0,185110019.0,328241829.0,279815058.0,1538569293.0
Jhansi,UttarPradesh,North,114050721.0,376619770.0,157094027.0,257890561.0,388790552.0,1294445631.0
Jhargram,WestBengal,East,128846095.0,264922025.0,169118320.0,366023744.0,106750694.0,1035660878.0
Jharsuguda,Odisha,East,353828547.0,303900266.0,184353160.0,302313303.0,416354870.0,1560750146.0
Jhunjhunu,Rajasthan,North,438914152.0,417575610.0,413388470.0,274846644.0,410727256.0,1955452132.0
Jind,Haryana,North,308404798.0,421445357.0,263872188.0,239347514.0,262273018.0,1495342875.0
Jiribam,Manipur,East,283184301.0,250407422.0,133094271.0,315338603.0,127466658.0,1109491255.0
Jodhpur,Rajasthan,North,359712516.0,128894924.0,170998260.0,388497574.0,126270333.0,1174373607.0
JogulambaGadwal,Telangana,South,471446883.0,132056642.0,397006134.0,252189703.0,165334025.0,1418033387.0
Jorhat,Assam,East,372493668.0,147962889.0,178066347.0,464879300.0,133143101.0,1296545305.0
Junagadh,Gujarat,West,319122898.0,129322183.0,242558061.0,228885769.0,219009979.0,1138898890.0
Kabirdham(Kawardha),Chhattisgarh,Central,424204230.0,475072482.0,415366070.0,101599169.0,164247566.0,1580489517.0
Kaimur(Bhabua),Bihar,East,160402234.0,310296945.0,441563158.0,436875515.0,288177129.0,1637314981.0
Kaithal,Haryana,North,372603534.0,422849208.0,172780541.0,287969604.0,446446120.0,1702649007.0
Kakching,Manipur,East,265044099.0,178615680.0,114355906.0,311981567.0,401986755.0,1271984007.0
Kakinada,AndhraPradesh,South,497973571.0,335212256.0,178432569.0,418088321.0,288665426.0,1718372143.0
Kalaburagi,Karnataka,East,269194616.0,357734916.0,181179235.0,362190619.0,109497360.0,1279796746.0
Kalahandi,Odisha,East,395138402.0,498889127.0,123706778.0,268169195.0,496508683.0,1782412185.0
Kalimpong,WestBengal,East,310394604.0,361665700.0,402365185.0,153529465.0,109656056.0,1337611010.0
Kallakurichi,TamilNadu,South,199111911.0,106457716.0,209427167.0,384713279.0,328791162.0,1228501235.0
Kamareddy,Telangana,South,303680532.0,313666189.0,233475753.0,350337230.0,194094668.0,1395254372.0
Kamjong,Manipur,East,190957365.0,124268318.0,192117069.0,479540392.0,461449019.0,1448332163.0
Kamle,ArunachalPradesh,East,433970153.0,181728568.0,471495713.0,452879422.0,207315286.0,1747389142.0
Kamrup,Assam,East,362361522.0,112280648.0,130860316.0,326911222.0,212857448.0,1145271156.0
KamrupMetropolitan,Assam,East,444297617.0,347639393.0,248393200.0,102600177.0,103894161.0,1246824548.0
Kanchipuram,TamilNadu,South,319403668.0,181118198.0,188796655.0,306622517.0,172524186.0,1168465224.0
Kandhamal,Odisha,East,470751061.0,437253945.0,269133579.0,382222968.0,207876827.0,1767238380.0
Kangpokpi,Manipur,East,432322154.0,422837001.0,383089694.0,383358257.0,310345775.0,1931952881.0
Kangra,HimachalPradesh,North,154567095.0,324347667.0,459654531.0,252470473.0,479967651.0,1671007417.0
Kanker(UttarBastar),Chhattisgarh,Central,283782464.0,187697989.0,333539842.0,187929929.0,355110325.0,1348060549.0
Kannauj,UttarPradesh,North,216360973.0,112500381.0,368514054.0,124073000.0,416135136.0,1237583544.0
Kannur,Kerela,South,160084841.0,235026093.0,372090823.0,103186132.0,199246193.0,1069634082.0
KanpurDehat,UttarPradesh,North,475231178.0,100146488.0,457567065.0,135316019.0,116638691.0,1284899441.0
KanpurNagar,UttarPradesh,North,462303538.0,356233406.0,282341990.0,278496658.0,171901608.0,1551277200.0
Kanyakumari,TamilNadu,South,190737632.0,266228217.0,115625476.0,341230506.0,138856166.0,1052677997.0
Kapurthala,Punjab,North,468761254.0,370186468.0,232731101.0,174074526.0,474657430.0,1720410779.0
Karaikal,Puducherry,South,109265419.0,419833980.0,151698355.0,269121372.0,266594439.0,1216513565.0
Karauli,Rajasthan,North,141395306.0,230167546.0,275859859.0,204873806.0,213089388.0,1065385905.0
KarbiAnglong,Assam,East,107959227.0,172524186.0,446775720.0,325543992.0,468932158.0,1521735283.0
Kargil,Ladakh,North,442600788.0,195669423.0,350618000.0,331342509.0,388229011.0,1708459731.0
Karimganj,Assam,East,447117527.0,245194861.0,180166020.0,206179998.0,179665517.0,1258323923.0
Karimnagar,Telangana,South,410129094.0,129285561.0,442539751.0,373165075.0,322333445.0,1677452926.0
Karnal,Haryana,North,461827449.0,334528642.0,186257515.0,342426832.0,177150792.0,1502191230.0
Karur,TamilNadu,South,135023041.0,142432935.0,243180639.0,239811395.0,350019837.0,1110467847.0
Kasaragod,Kerela,South,294341868.0,305206458.0,446482742.0,114136173.0,397445601.0,1557612842.0
Kasganj,UttarPradesh,North,230265206.0,486852627.0,479747918.0,240311899.0,259343242.0,1696520892.0
Kathua,JammuandKashmir,North,384334849.0,386165960.0,312958159.0,300323496.0,140992462.0,1524774926.0
Katihar,Bihar,East,409018220.0,462584308.0,132398449.0,195303201.0,497875912.0,1697180090.0
Katni,MadhyaPradesh,Central,219351787.0,487255471.0,381234169.0,410763879.0,374300363.0,1872905669.0
Kaushambi,UttarPradesh,North,144337290.0,130103457.0,249528489.0,464073611.0,293194372.0,1281237219.0
Kendrapara(Kendrapada),Odisha,East,174123356.0,295684683.0,339960936.0,375423445.0,178859828.0,1364052248.0
Kendujhar,Odisha,East,421384320.0,187185278.0,464891507.0,304718162.0,371773431.0,1749952698.0
Khagaria,Bihar,East,391146581.0,483971679.0,160817285.0,444615009.0,309356975.0,1789907529.0
Khairagarh,Chhattisgarh,Central,302447584.0,274480422.0,391427351.0,420139165.0,359321879.0,1747816401.0
Khammam,Telangana,South,395248268.0,384615620.0,484166998.0,106567583.0,104077272.0,1474675741.0
Khandwa(EastNimar),MadhyaPradesh,Central,167702261.0,414072085.0,159071627.0,380172125.0,423349712.0,1544367810.0
Khargone(WestNimar),MadhyaPradesh,Central,350068667.0,474449904.0,368001343.0,146400341.0,256425672.0,1595345927.0
Khawzawl,Mizoram,East,412131108.0,359346294.0,377242348.0,495483261.0,173195593.0,1817398604.0
Kheda,Gujarat,West,219815668.0,248234504.0,437461471.0,145411542.0,297576830.0,1348500015.0
Khordha,Odisha,East,136805322.0,129175695.0,247660756.0,109155552.0,162709433.0,785506758.0
Khowai,Tripura,South,332831813.0,222904141.0,136182744.0,289312418.0,420383313.0,1401614429.0
Khunti,Jharkhand,East,118689535.0,437815485.0,403146459.0,466246529.0,418222602.0,1844120610.0
Kinnaur,HimachalPradesh,North,173207800.0,185610522.0,413937804.0,106335642.0,174965666.0,1054057434.0
Kiphire,Nagaland,East,388106937.0,166982024.0,131910153.0,145411542.0,340839869.0,1173250525.0
Kishanganj,Bihar,East,389254433.0,259807123.0,319513535.0,119837031.0,399874874.0,1488286996.0
Kishtwar,JammuandKashmir,North,492577899.0,171498764.0,470201728.0,358101138.0,171132542.0,1663512071.0
Kodagu,Karnataka,East,259306619.0,262248604.0,219156468.0,265837580.0,329560228.0,1336109499.0
Koderma,Jharkhand,East,282781457.0,494604328.0,141615039.0,256096072.0,437266152.0,1612363048.0
Kohima,Nagaland,East,164613788.0,309820856.0,284539323.0,349494919.0,326947844.0,1435416730.0
Kokrajhar,Assam,East,471568957.0,457860043.0,416049684.0,281499680.0,391390729.0,2018369093.0
Kolar,Karnataka,East,258928190.0,113721121.0,207119968.0,193984802.0,310968352.0,1084722433.0
Kolasib,Mizoram,East,398019349.0,483800776.0,143226416.0,222196112.0,190542314.0,1437784967.0
Kolhapur,Maharashtra,West,360347301.0,218900113.0,214981536.0,145643482.0,494347973.0,1434220405.0
Kolkata,WestBengal,East,323883786.0,498791468.0,125110629.0,381917783.0,437571337.0,1767275003.0
Kollam,Kerela,South,406405835.0,249589526.0,369820246.0,279888302.0,277068392.0,1582772301.0
KonaSeema,AndhraPradesh,South,215958128.0,494116032.0,448155156.0,314886929.0,245133824.0,1718250069.0
Kondagaon,Chhattisgarh,Central,244279305.0,459190650.0,403769036.0,292571795.0,387166967.0,1786977753.0
Koppala,Karnataka,East,491210670.0,265385906.0,472948394.0,435618153.0,264812158.0,1929975281.0
Koraput,Odisha,East,262468337.0,424912260.0,396310312.0,194058046.0,200637837.0,1478386792.0
Korba,Chhattisgarh,Central,234208197.0,259013642.0,211600085.0,298431349.0,327460555.0,1330713828.0
Korea(Koriya),Chhattisgarh,Central,402072207.0,402414014.0,201309244.0,187380596.0,333002716.0,1526178777.0
Kota,Rajasthan,North,222000793.0,436619160.0,242802209.0,152101199.0,206790368.0,1260313729.0
Kottayam,Kerela,South,484350109.0,122901089.0,455528428.0,224283578.0,483605457.0,1770668661.0
Kozhikode,Kerela,South,412558367.0,493908506.0,478661459.0,137794122.0,420737327.0,1943659781.0
KraDaadi,ArunachalPradesh,East,496435439.0,427036348.0,475621815.0,306109806.0,193496505.0,1898699913.0
Krishna,AndhraPradesh,South,311981567.0,191543321.0,353791925.0,140662862.0,330097354.0,1328077029.0
Krishnagiri,TamilNadu,South,129078035.0,232926420.0,488012330.0,353962829.0,469359417.0,1673339031.0
Kulgam,JammuandKashmir,North,215677358.0,489513841.0,470506913.0,245609912.0,389217811.0,1810525835.0
Kullu,HimachalPradesh,North,297759941.0,244743187.0,153688162.0,489416181.0,357588428.0,1543195899.0
KumuramBheemAsifabad,Telangana,South,233536790.0,330573443.0,229178747.0,426560259.0,167885372.0,1387734611.0
Kupwara,JammuandKashmir,North,281902524.0,442564166.0,216861476.0,207681509.0,246220282.0,1395229957.0
Kurnool,AndhraPradesh,South,198892178.0,219363994.0,263115329.0,259111301.0,361043123.0,1301525925.0
Kurukshetra,Haryana,North,451329081.0,429477829.0,285906552.0,165627002.0,314300974.0,1646641438.0
KurungKumey,ArunachalPradesh,East,271819208.0,183950316.0,100622577.0,108398693.0,460667745.0,1125458539.0
Kushinagar,UttarPradesh,North,213943907.0,348225349.0,493176062.0,303106784.0,274700156.0,1633152258.0
Kutch,Gujarat,West,304168828.0,221536912.0,478954436.0,415524766.0,467467269.0,1887652211.0
Lahaul&Spiti,HimachalPradesh,North,337836848.0,410507523.0,448960845.0,474254586.0,246501053.0,1918060855.0
Lakhimpur,Assam,East,363826411.0,277568895.0,231205176.0,321442305.0,490148626.0,1684191413.0
LakhimpurKheri,UttarPradesh,North,348469497.0,183230079.0,245670949.0,353193762.0,360750145.0,1491314432.0
Lakhisarai,Bihar,East,258745079.0,359285257.0,304095584.0,496569720.0,139759514.0,1558455154.0
Lalitpur,UttarPradesh,North,303765984.0,309503464.0,192422254.0,429807429.0,299761956.0,1535261087.0
Latehar,Jharkhand,East,246354564.0,182277901.0,422165594.0,147584460.0,471849727.0,1470232246.0
Latur,Maharashtra,West,333808405.0,435984375.0,236307871.0,209097567.0,486437575.0,1701635793.0
Lawngtlai,Mizoram,East,138367870.0,330671102.0,263420514.0,485180212.0,112805566.0,1330445264.0
Leh,Ladakh,North,413132115.0,173390911.0,322650838.0,179885250.0,107824945.0,1196884059.0
LepaRada,ArunachalPradesh,East,330085147.0,384444716.0,109814752.0,439243752.0,421665090.0,1685253457.0
Lohardaga,Jharkhand,East,290252388.0,100146488.0,383187353.0,294854579.0,483507798.0,1551948606.0
Lohit,ArunachalPradesh,East,100451673.0,371614735.0,478380688.0,269072542.0,148915067.0,1368434705.0
Longding,ArunachalPradesh,East,198611408.0,446531572.0,317938780.0,440098270.0,318915372.0,1722095402.0
Longleng,Nagaland,East,458653524.0,328241829.0,354890591.0,280205695.0,353840755.0,1775832394.0
LowerDibangValley,ArunachalPradesh,East,183059175.0,379195532.0,153773613.0,354988251.0,334882656.0,1405899227.0
LowerSiang,ArunachalPradesh,East,169447920.0,168532365.0,186196478.0,318707846.0,473863949.0,1316748558.0
LowerSubansiri,ArunachalPradesh,East,422837001.0,115320291.0,271758171.0,344245735.0,370748009.0,1524909207.0
Lucknow,UttarPradesh,North,422336497.0,221134068.0,433579516.0,444492935.0,242619098.0,1764162114.0
Ludhiana,Punjab,North,464513078.0,223880733.0,347749260.0,203592028.0,453563036.0,1693298135.0
Lunglei,Mizoram,East,292474136.0,142213202.0,497643972.0,304693747.0,301702933.0,1538727990.0
Madhepura,Bihar,East,244254890.0,340827662.0,484044924.0,366353343.0,351387066.0,1786867885.0
Madhubani,Bihar,East,397054964.0,167702261.0,402902311.0,245487838.0,104272591.0,1317419965.0
Madurai,TamilNadu,South,362837611.0,424948882.0,226432081.0,212210455.0,223014008.0,1449443037.0
Mahabubabad,Telangana,South,104223761.0,131983398.0,385006257.0,477111118.0,267448958.0,1365773492.0
Maharajganj,UttarPradesh,North,228910184.0,108203375.0,414951018.0,283306375.0,245133824.0,1280504776.0
Mahasamund,Chhattisgarh,Central,228177740.0,215909299.0,224954985.0,305108798.0,270708335.0,1244859157.0
Mahbubnagar,Telangana,South,236112552.0,292046876.0,495385602.0,201455733.0,446494950.0,1671495713.0
Mahe,Puducherry,South,158339182.0,230399487.0,372945342.0,267424543.0,422873623.0,1451982177.0
Mahendragarh,Haryana,North,299859615.0,263164159.0,369380780.0,194106876.0,494299143.0,1620810573.0
Mahisagar,Gujarat,West,162343211.0,100146488.0,218289743.0,350386059.0,489330730.0,1320496231.0
Mahoba,UttarPradesh,North,461082797.0,102478102.0,329975280.0,334345531.0,434739220.0,1662620930.0
Mainpuri,UttarPradesh,North,270976897.0,316132084.0,220438246.0,484154790.0,475341045.0,1767043062.0
Majuli,Assam,East,387459945.0,120191045.0,143079928.0,125720999.0,279912717.0,1056364634.0
Malappuram,Kerela,South,489086581.0,437888730.0,414157537.0,364754174.0,232316050.0,1938203072.0
Maldah,WestBengal,East,492223884.0,164027833.0,339558092.0,345344401.0,215103610.0,1556257820.0
Malerkotla,Punjab,North,151734977.0,100146488.0,211258278.0,475780511.0,437168493.0,1376088747.0
Malkangiri,Odisha,East,395162816.0,198232978.0,437571337.0,360359508.0,110022278.0,1501348917.0
Mamit,Mizoram,East,141908017.0,270317698.0,109656056.0,202871791.0,434641560.0,1159395122.0
Mancherial,Telangana,South,486999115.0,442503129.0,133814508.0,419687491.0,382345042.0,1865349285.0
Mandi,HimachalPradesh,North,374971771.0,484948272.0,375826289.0,320282601.0,197097689.0,1753126622.0
Mandla,MadhyaPradesh,Central,323322245.0,133851130.0,462181463.0,216800439.0,476110111.0,1612265388.0
Mandsaur,MadhyaPradesh,Central,102697836.0,487328715.0,306476028.0,231339457.0,405673391.0,1533515427.0
Mandya,Karnataka,East,205825983.0,156105227.0,207718131.0,478173162.0,193081454.0,1240903957.0
Manendragarh-Chirmiri-Bharatpur,Chhattisgarh,Central,188674581.0,163600573.0,361323893.0,156715598.0,336750389.0,1207065034.0
Mansa,Punjab,North,235721915.0,149439985.0,407223731.0,455650502.0,389437544.0,1637473677.0
Manyam,AndhraPradesh,South,170473342.0,241557054.0,194814905.0,441587573.0,163466292.0,1211899166.0
Mathura,UttarPradesh,North,217923520.0,252482681.0,129615161.0,252470473.0,131031220.0,983523055.0
Mau,UttarPradesh,North,224137089.0,348078860.0,197585986.0,291937010.0,359773553.0,1421512498.0
Mayiladuthurai,TamilNadu,South,469566943.0,142872402.0,334614094.0,172609637.0,274297311.0,1393960387.0
Mayurbhanj,Odisha,East,185671560.0,148683126.0,198171941.0,108874782.0,374813074.0,1016214483.0
Medak,Telangana,South,334235664.0,257219153.0,257524338.0,233011872.0,324811548.0,1406802575.0
Medchal–Malkajgiri,Telangana,South,352180548.0,488940093.0,240665914.0,243839839.0,226175725.0,1551802119.0
Meerut,UttarPradesh,North,265105136.0,138013855.0,206289865.0,179274880.0,210257271.0,998941007.0
Mehsana,Gujarat,West,361970885.0,390267648.0,422739342.0,205117954.0,323041475.0,1703137304.0
Mirzapur,UttarPradesh,North,217276528.0,246879482.0,354390088.0,198220771.0,101770073.0,1118536942.0
Moga,Punjab,North,117798394.0,442539751.0,441843929.0,414621418.0,110547196.0,1527350688.0
Mohla-Manpur,Chhattisgarh,Central,374239326.0,106836146.0,352571185.0,358003479.0,294134342.0,1485784478.0
Mokokchung,Nagaland,East,387899411.0,309759819.0,305389569.0,134644612.0,499047823.0,1636741234.0
Mon,Nagaland,East,147633289.0,281841487.0,123389385.0,413718070.0,255473495.0,1222055726.0
Moradabad,UttarPradesh,North,483483383.0,468919950.0,298101749.0,122583697.0,107361064.0,1480449843.0
Morbi,Gujarat,West,460557879.0,114575640.0,131531724.0,207437361.0,207840205.0,1121942809.0
Morena,MadhyaPradesh,Central,348188727.0,387166967.0,281402020.0,332990509.0,271953490.0,1621701713.0
Morigaon,Assam,East,142847987.0,282024598.0,367122410.0,144386120.0,293585009.0,1229966124.0
Mulugu,Telangana,South,402658162.0,205703909.0,290313425.0,281621754.0,393173010.0,1573470260.0
MumbaiCity,Maharashtra,West,316327403.0,493847469.0,200918607.0,100146488.0,437266152.0,1548506119.0
MumbaiSuburban,Maharashtra,West,426340526.0,252055421.0,334186834.0,395712150.0,130176702.0,1538471633.0
Mungeli,Chhattisgarh,Central,371968749.0,425388348.0,339472640.0,336408582.0,241093173.0,1714331492.0
Munger,Bihar,East,275066378.0,200711081.0,271294290.0,432444228.0,484057131.0,1663573108.0
Murshidabad,WestBengal,East,291900388.0,360957671.0,182595294.0,449766534.0,396310312.0,1681530199.0
Muzaffarnagar,UttarPradesh,North,195303201.0,353669851.0,365022736.0,212808618.0,400192267.0,1526996673.0
Muzaffarpur,Bihar,East,362886441.0,308746605.0,473876156.0,320954009.0,100610370.0,1567073581.0
Mysuru,Karnataka,East,263139744.0,227921384.0,150697348.0,105041657.0,151881466.0,898681599.0
NTRDistrict,AndhraPradesh,South,265788751.0,391463973.0,206949064.0,311737419.0,357502976.0,1533442183.0
Nabarangpur,Odisha,East,456163213.0,355000458.0,489049959.0,417648854.0,372176275.0,2090038759.0
Nadia,WestBengal,East,279558702.0,160133671.0,430381177.0,174904629.0,201895199.0,1246873378.0
Nagaon,Assam,East,466905729.0,292620624.0,153260902.0,433530687.0,179409161.0,1525727103.0
Nagapattinam,TamilNadu,South,356318858.0,246476638.0,475023652.0,169521164.0,314154485.0,1561494797.0
Nagarkurnool,Telangana,South,273149815.0,243009735.0,218924528.0,413388470.0,327301859.0,1475774407.0
Nagaur,Rajasthan,North,396334727.0,262785729.0,270525223.0,489049959.0,119080172.0,1537775810.0
Nagpur,Maharashtra,West,364229255.0,145313882.0,323590808.0,449778741.0,211539048.0,1494451734.0
Nainital,Uttarakhand,North,251554918.0,484862820.0,442100284.0,258159123.0,169032868.0,1605710013.0
Nalanda,Bihar,East,354170354.0,350044252.0,490319529.0,293414106.0,189553514.0,1677501755.0
Nalbari,Assam,East,462059389.0,212369152.0,289165929.0,108191167.0,204983672.0,1276769309.0
Nalgonda,Telangana,South,339411603.0,246122623.0,125330362.0,182399975.0,448826564.0,1342091127.0
Namakkal,TamilNadu,South,351533555.0,326642659.0,171791741.0,462999360.0,495153661.0,1808120976.0
Namsai,ArunachalPradesh,East,151356547.0,453147985.0,344843898.0,494775232.0,121314127.0,1565437789.0
Nanded,Maharashtra,West,441282388.0,149391155.0,145912045.0,258427686.0,220792260.0,1215805534.0
Nandurbar,Maharashtra,West,215787225.0,438999604.0,181301309.0,408981598.0,290899380.0,1535969116.0
Nandyal,AndhraPradesh,South,298248238.0,166676839.0,314923551.0,332770776.0,321747490.0,1434366894.0
Narayanpet,Telangana,South,371675772.0,131849116.0,179787591.0,106653035.0,145887630.0,935853144.0
Narayanpur,Chhattisgarh,Central,101318399.0,215555284.0,134803308.0,151149022.0,499926756.0,1102752769.0
Narmada,Gujarat,West,297149571.0,433225502.0,186269722.0,123596911.0,281328776.0,1321570482.0
Narmadapuram,MadhyaPradesh,Central,284014405.0,167299417.0,155726798.0,133130893.0,399972534.0,1140144047.0
Narsinghpur,MadhyaPradesh,Central,483825190.0,232096316.0,225260170.0,362788782.0,305975524.0,1609945982.0
Nashik,Maharashtra,West,335554064.0,444712669.0,346101261.0,337983337.0,326337474.0,1790688805.0
Navsari,Gujarat,West,221427045.0,393917661.0,400289926.0,303277688.0,147279274.0,1466191594.0
Nawada,Bihar,East,453392133.0,399447615.0,365669729.0,402829066.0,236771752.0,1858110295.0
Nayagarh(Nayagad),Odisha,East,237418744.0,335932493.0,403585925.0,406991791.0,490063174.0,1873992127.0
Neemuch,MadhyaPradesh,Central,288641011.0,465501877.0,275774407.0,276104007.0,420542009.0,1726563311.0
NewDelhi,Delhi,North,224491104.0,191958372.0,135926389.0,452256844.0,196743675.0,1201376384.0
Nicobar,AndamanandNicobar,South,295965453.0,171010468.0,100146488.0,257426679.0,394601276.0,1219150364.0
Nilgiris,TamilNadu,South,490160833.0,249455244.0,358650472.0,122681356.0,396932890.0,1617880795.0
Nirmal,Telangana,South,302117985.0,202761925.0,301092563.0,178518021.0,309320353.0,1293810847.0
Niuland,Nagaland,East,319171728.0,379720451.0,187502670.0,362800989.0,139881588.0,1389077426.0
Niwari,MadhyaPradesh,Central,434446242.0,200918607.0,227506332.0,117871639.0,491650136.0,1472392956.0
Nizamabad,Telangana,South,386837367.0,466966766.0,321124912.0,377181311.0,246940519.0,1799050875.0
Nokla,Nagaland,East,402658162.0,323529771.0,159755241.0,475402082.0,392782373.0,1754127629.0
Noney,Manipur,East,233231605.0,291058077.0,423911252.0,349116489.0,473949401.0,1771266824.0
North24Parganas,WestBengal,East,160121463.0,105175939.0,398861660.0,100146488.0,167006439.0,931311989.0
NorthDelhi,Delhi,North,468614765.0,179714346.0,138038270.0,373043001.0,183254494.0,1342664876.0
NorthEastDelhi,Delhi,North,471654409.0,455406354.0,139173558.0,237235633.0,131373027.0,1434842981.0
NorthGaroHills,Meghalaya,East,478966644.0,349018830.0,408493301.0,488232063.0,273540452.0,1998251290.0
NorthGoa,Goa,West,356038087.0,329462569.0,333124790.0,413461715.0,109192175.0,1541279336.0
NorthSikkim,Sikkim,East,376082644.0,394369335.0,196511734.0,149305704.0,422434157.0,1538703574.0
NorthTripura,Tripura,South,447874386.0,327387310.0,130799279.0,210806604.0,251396222.0,1368263801.0
NorthWestDelhi,Delhi,North,374459060.0,197451704.0,285637989.0,307928709.0,305352947.0,1470830409.0
NorthandMiddleAndaman,AndamanandNicobar,South,400680563.0,109179967.0,264873196.0,369637135.0,493639943.0,1638010804.0
Nuapada,Odisha,East,489757989.0,387154760.0,363838618.0,369063387.0,321576586.0,1931391340.0
Nubra,Ladakh,North,499011201.0,144727927.0,335077975.0,123535874.0,253666799.0,1356019776.0
Nuh,Haryana,North,257182531.0,418564410.0,262981048.0,307953124.0,346736046.0,1593417159.0
Osmanabad,Maharashtra,West,403353984.0,161732841.0,236100345.0,337751396.0,138843958.0,1277782524.0
Pakke-Kessang,ArunachalPradesh,East,158595538.0,458250679.0,237992492.0,123401593.0,410910367.0,1389150669.0
Pakur,Jharkhand,East,461278116.0,152906888.0,234952849.0,222440260.0,245622120.0,1317200233.0
Pakyong,Sikkim,East,381026643.0,453929258.0,141309854.0,304449599.0,308514664.0,1589230018.0
Palakkad,Kerela,South,398678549.0,410995819.0,384188360.0,401205481.0,439439070.0,2034507279.0
Palamu,Jharkhand,East,359614857.0,445713676.0,167128513.0,272173223.0,323944823.0,1568575092.0
Palghar,Maharashtra,West,312848293.0,367976928.0,350618000.0,382638020.0,474657430.0,1888738671.0
Pali,Rajasthan,North,340021973.0,240653706.0,158326975.0,216714987.0,396945097.0,1352662738.0
Palnadu,AndhraPradesh,South,136414685.0,220096438.0,168605609.0,376546526.0,235941648.0,1137604906.0
Palwal,Haryana,North,384102909.0,386446730.0,109326456.0,131202124.0,353169347.0,1364247566.0
Panchkula,Haryana,North,246964934.0,419211402.0,343769646.0,239738151.0,362141789.0,1611825922.0
Panchmahal,Gujarat,West,198294015.0,370198676.0,257646412.0,251994384.0,100207525.0,1178341012.0
Panipat,Haryana,North,305999939.0,115259254.0,242875454.0,360017701.0,410068057.0,1434220405.0
Panna,MadhyaPradesh,Central,369832454.0,134266182.0,451585437.0,244938505.0,497607349.0,1698229927.0
PapumPare,ArunachalPradesh,East,263884396.0,318512528.0,234073916.0,488720359.0,401852474.0,1707043673.0
Parbhani,Maharashtra,West,250578326.0,318243965.0,274785607.0,288860744.0,108520767.0,1240989409.0
PaschimBardhaman,WestBengal,East,407834102.0,371236305.0,258415479.0,359785760.0,481615650.0,1878887296.0
PaschimMedinipur,WestBengal,East,294402905.0,153016754.0,190652180.0,123731193.0,126990569.0,888793601.0
Patan,Gujarat,West,457725761.0,491039766.0,436631367.0,173976867.0,107287820.0,1666661581.0
Pathanamthitta,Kerela,South,159779656.0,184841456.0,277654347.0,116125980.0,187246315.0,925647754.0
Pathankot,Punjab,North,156691183.0,290142521.0,350178533.0,303631703.0,498706016.0,1599349956.0
Patiala,Punjab,North,179030732.0,445896787.0,408273568.0,372664571.0,303643910.0,1709509568.0
Patna,Bihar,East,239848018.0,292229987.0,421213416.0,363240455.0,188320566.0,1504852442.0
PauriGarhwal,Uttarakhand,North,491808833.0,359517197.0,241874447.0,357625050.0,263847774.0,1714673301.0
Peddapalli,Telangana,South,443186743.0,479906614.0,167519150.0,489281900.0,436375012.0,2016269419.0
Perambalur,TamilNadu,South,324201178.0,132215338.0,207596057.0,328302866.0,190285958.0,1182601397.0
Peren,Nagaland,East,435898923.0,356477554.0,337665944.0,486986908.0,395358135.0,2012387464.0
Phek,Nagaland,East,296417127.0,229288613.0,178481399.0,119299905.0,436155279.0,1259642323.0
Pherzawl,Manipur,East,383040864.0,450071719.0,330732139.0,249589526.0,192300180.0,1605734428.0
Pilibhit,UttarPradesh,North,316754662.0,318280587.0,498083438.0,491320536.0,256535539.0,1880974762.0
Pithoragarh,Uttarakhand,North,158851893.0,310711997.0,110766930.0,445054476.0,134705649.0,1160090945.0
Poonch,JammuandKashmir,North,441245766.0,493591113.0,316302988.0,232889797.0,156849879.0,1640879543.0
Porbandar,Gujarat,West,267986083.0,313946959.0,362031923.0,149623096.0,100146488.0,1193734549.0
Prakasam,AndhraPradesh,South,277459029.0,285723441.0,286577959.0,334992523.0,253044221.0,1437797173.0
Pratapgarh,Rajasthan,North,421152379.0,360725730.0,384896390.0,145265053.0,280962554.0,1593002106.0
Pratapgarh (UP),UttarPradesh,North,297735527.0,248490860.0,118347727.0,106994842.0,452403333.0,1223972289.0
Prayagraj,UttarPradesh,North,164027833.0,340156255.0,215225684.0,170094912.0,193948179.0,1083452863.0
Puducherry,Puducherry,South,224051637.0,465453048.0,464061404.0,327008881.0,480333873.0,1960908843.0
Pudukkottai,TamilNadu,South,338044374.0,475524156.0,375386822.0,175417340.0,366829432.0,1731202124.0
Pulwama,JammuandKashmir,North,480028688.0,100146488.0,476781518.0,433640553.0,383980835.0,1874578082.0
Pune,Maharashtra,West,324604022.0,268950468.0,404879910.0,250126652.0,475463119.0,1724024171.0
PurbaBardhaman,WestBengal,East,288433485.0,354329051.0,314435255.0,335578478.0,443345439.0,1736121708.0
PurbaMedinipur,WestBengal,East,179726554.0,471764275.0,251322977.0,468089847.0,384029664.0,1754933317.0
Puri,Odisha,East,424179815.0,482580035.0,492846462.0,402279733.0,363264870.0,2165150915.0
Purnia,Bihar,East,445286417.0,220499283.0,228214362.0,289959410.0,195217749.0,1379177221.0
Purulia,WestBengal,East,239701529.0,100146488.0,155726798.0,477843563.0,342976165.0,1316394543.0
Raebareli,UttarPradesh,North,370882290.0,353010651.0,492712180.0,340925321.0,217532883.0,1775063325.0
Raichuru,Karnataka,East,447874386.0,351826533.0,160158086.0,286809900.0,315021210.0,1561690115.0
Raigad,Maharashtra,West,355879391.0,126416821.0,336213263.0,472069461.0,380428480.0,1671007416.0
Raigarh,Chhattisgarh,Central,499865719.0,442320017.0,144996490.0,176345103.0,475572985.0,1739100314.0
Raipur,Chhattisgarh,Central,363545641.0,246427808.0,446153142.0,235258034.0,102917569.0,1394302194.0
Raisen,MadhyaPradesh,Central,235734123.0,349946593.0,170485549.0,372273934.0,117932676.0,1246372875.0
RajannaSircilla,Telangana,South,459349346.0,393563647.0,393807795.0,147413556.0,334345531.0,1728479875.0
Rajgarh,MadhyaPradesh,Central,404232918.0,246317942.0,204495376.0,114697714.0,115527817.0,1085271767.0
Rajkot,Gujarat,West,122290719.0,204678487.0,135865352.0,268828394.0,105798516.0,837461468.0
Rajnandgaon,Chhattisgarh,Central,195547349.0,429074984.0,399618519.0,458824427.0,216190069.0,1699255348.0
Rajouri,JammuandKashmir,North,283233131.0,295379498.0,446934416.0,475023652.0,402475051.0,1903045748.0
Rajsamand,Rajasthan,North,277092807.0,117896054.0,191323587.0,133338419.0,371016572.0,1090667439.0
Ramanagara,Karnataka,East,416733299.0,320331431.0,280010376.0,299444563.0,415842159.0,1732361828.0
Ramanathapuram,TamilNadu,South,146778771.0,158253731.0,228226569.0,229898984.0,215750603.0,978908658.0
Ramban,JammuandKashmir,North,405136265.0,181777398.0,278948332.0,362910856.0,414206366.0,1642979217.0
Ramgarh,Jharkhand,East,343501084.0,133423871.0,298199408.0,159340189.0,431980346.0,1366444898.0
Rampur,UttarPradesh,North,254155095.0,354121525.0,397238075.0,121472823.0,140162358.0,1267149876.0
Ranchi,Jharkhand,East,278533280.0,247624134.0,307611316.0,145265053.0,221378216.0,1200411999.0
RangaReddy,Telangana,South,298004089.0,430368969.0,173244422.0,494824061.0,369185461.0,1765627002.0
Ranipet,TamilNadu,South,208853419.0,407834102.0,185256508.0,402352977.0,485595264.0,1689892270.0
Ratlam,MadhyaPradesh,Central,261503952.0,349922178.0,190664388.0,295635853.0,263713492.0,1361439863.0
Ratnagiri,Maharashtra,West,472997223.0,246037171.0,463560900.0,334430982.0,351326029.0,1868352305.0
Reasi,JammuandKashmir,North,462279123.0,177626880.0,256608783.0,133375042.0,195339823.0,1225229651.0
Rewa,MadhyaPradesh,Central,216519669.0,468834499.0,134241767.0,207461775.0,369856868.0,1396914578.0
Rewari,Haryana,North,351423689.0,165114291.0,273784600.0,109314249.0,285845515.0,1185482344.0
RiBhoi,Meghalaya,East,246867275.0,330292673.0,296172979.0,471019624.0,166347239.0,1510699790.0
Rohtak,Haryana,North,403549303.0,418637654.0,138880581.0,471227150.0,426023133.0,1858317821.0
Rohtas,Bihar,East,172585223.0,267058321.0,385750908.0,377840510.0,493700980.0,1696935942.0
Rudraprayag,Uttarakhand,North,300579852.0,361494797.0,313910337.0,418918424.0,113843195.0,1508746605.0
Rupnagar,Punjab,North,302093570.0,140894802.0,496874905.0,287420270.0,313556322.0,1540839869.0
SPSNellore,AndhraPradesh,South,260344249.0,499926756.0,159071627.0,361079745.0,277397992.0,1557820369.0
Sabarkantha,Gujarat,West,440989410.0,436008790.0,100146488.0,432651754.0,147474593.0,1557271035.0
Sagar,MadhyaPradesh,Central,165260780.0,245133824.0,465697196.0,448313853.0,293169958.0,1617575611.0
Saharanpur,UttarPradesh,North,453343303.0,375460067.0,316217536.0,296636860.0,375203711.0,1816861477.0
Saharsa,Bihar,East,260185552.0,447215186.0,140479751.0,356001465.0,248283334.0,1452165288.0
Sahibganj,Jharkhand,East,499804682.0,122205267.0,148219245.0,391854610.0,291827143.0,1453910947.0
SahibzadaAjitSinghNagar,Punjab,North,322089297.0,194924772.0,203543199.0,328876614.0,201504562.0,1250938444.0
Saiha,Mizoram,East,100146488.0,369832454.0,378902555.0,389535203.0,398568682.0,1636985382.0
Saitual,Mizoram,East,385250405.0,174245430.0,388839381.0,314093448.0,289715262.0,1552143926.0
Sakti,Chhattisgarh,Central,369454024.0,492016358.0,283342997.0,310284738.0,192910550.0,1648008667.0
Salem,TamilNadu,South,484459975.0,185695974.0,457737968.0,306256294.0,190835291.0,1624985502.0
Samastipur,Bihar,East,280547502.0,479650258.0,124951933.0,470336009.0,162770470.0,1518256172.0
Samba,JammuandKashmir,North,232413709.0,152858058.0,394784387.0,364473403.0,453294473.0,1597824030.0
Sambalpur,Odisha,East,282537309.0,307635731.0,314606159.0,353755303.0,135633411.0,1394167913.0
Sambhal,UttarPradesh,North,396249275.0,414218574.0,162916959.0,371321757.0,195596179.0,1540302744.0
Sangareddy,Telangana,South,359895627.0,153151036.0,256596576.0,158156071.0,433262124.0,1361061434.0
Sangl,Maharashtra,West,433945738.0,332758568.0,466930144.0,216849269.0,176796777.0,1627280496.0
Sangrur,Punjab,North,331293680.0,218155461.0,170876186.0,346833705.0,494592121.0,1561751153.0
SantKabirNagar,UttarPradesh,North,335041353.0,397665334.0,213638722.0,214139225.0,487499619.0,1647984253.0
Saran,Bihar,East,182363353.0,384957427.0,136634418.0,172511978.0,484105961.0,1360573137.0
Sarangarh-Bilaigarh,Chhattisgarh,Central,287578967.0,124134037.0,496423231.0,335920286.0,341975158.0,1586031679.0
Satara,Maharashtra,West,266838588.0,290044862.0,131617175.0,299603259.0,238456374.0,1226560258.0
Satna,MadhyaPradesh,Central,403671377.0,267143773.0,100976592.0,499145482.0,488317515.0,1759254739.0
SawaiMadhopur,Rajasthan,North,349873348.0,365559862.0,433591724.0,101269569.0,231900998.0,1482195501.0
Sehore,MadhyaPradesh,Central,121997741.0,360872219.0,193801690.0,138428907.0,498266549.0,1313367106.0
Senapati,Manipur,East,320770898.0,302008118.0,348835719.0,365474410.0,458104191.0,1795193336.0
Seoni,MadhyaPradesh,Central,265532395.0,339606922.0,441099277.0,411471908.0,138099307.0,1595809809.0
Sepahijala,Tripura,South,433701590.0,136964018.0,189809869.0,203982665.0,461095005.0,1425553147.0
Seraikela-Kharsawan,Jharkhand,East,111621448.0,456163213.0,321491134.0,496447646.0,255461287.0,1641184728.0
Serchhip,Mizoram,East,133484908.0,415793329.0,151295510.0,127808465.0,458287302.0,1286669514.0
Shahdaradistrict,Delhi,North,345747246.0,449827571.0,292059084.0,411178930.0,188747825.0,1687560656.0
Shahdol,MadhyaPradesh,Central,458079776.0,359260842.0,190163884.0,340717795.0,419150365.0,1767372662.0
ShahidBhagatSinghNagar,Punjab,North,290643025.0,385872982.0,445921202.0,100146488.0,240946684.0,1463530381.0
Shahjahanpur,UttarPradesh,North,382540361.0,133143101.0,430967132.0,318036439.0,226749473.0,1491436506.0
Shajapur,MadhyaPradesh,Central,413791315.0,479723503.0,113367107.0,374971771.0,332038331.0,1713892027.0
Sham,Ladakh,North,469396039.0,379561754.0,422580645.0,395370342.0,104040650.0,1770949430.0
Shamator,Nagaland,East,354255806.0,334467605.0,368977935.0,203921628.0,291998047.0,1553621021.0
Shamli,UttarPradesh,North,256242561.0,104528946.0,138209173.0,134937589.0,351313822.0,985232091.0
Sheikhpura,Bihar,East,415732292.0,249650563.0,177687917.0,155519272.0,182033753.0,1180623797.0
Sheohar,Bihar,East,284795679.0,242790002.0,130677205.0,499145482.0,344087039.0,1501495407.0
Sheopur,MadhyaPradesh,Central,146754356.0,110193182.0,400790430.0,375154882.0,347077853.0,1379970703.0
ShiYomi,ArunachalPradesh,East,388167974.0,181521042.0,156019776.0,134180730.0,398483230.0,1258372752.0
Shimla,HimachalPradesh,North,351460311.0,387691885.0,219888912.0,384005249.0,259416486.0,1602462843.0
Shivamogga,Karnataka,East,132203131.0,417526780.0,165163121.0,190896328.0,469225135.0,1375014495.0
Shivpuri,MadhyaPradesh,Central,446067690.0,405368206.0,256901761.0,219205298.0,265715506.0,1593258461.0
Shopian,JammuandKashmir,North,140662862.0,374654378.0,111462752.0,403231910.0,365633107.0,1395645009.0
Shravasti,UttarPradesh,North,183059175.0,143433942.0,200711081.0,297882015.0,346931364.0,1172017577.0
Siang,ArunachalPradesh,East,298113956.0,455064547.0,416476944.0,236039308.0,464122441.0,1869817196.0
Siddharthnagar,UttarPradesh,North,335749382.0,288555559.0,290948210.0,445664846.0,462816248.0,1823734245.0
Siddipet,Telangana,South,422238838.0,351387066.0,459092990.0,300323496.0,134192938.0,1667235328.0
SidhiSidhi,MadhyaPradesh,Central,273381756.0,166420484.0,266313669.0,248161260.0,402426222.0,1356703391.0
Sikar,Rajasthan,North,415036470.0,167140721.0,192507706.0,468736839.0,190737632.0,1434159368.0
Simdega,Jharkhand,East,336725974.0,388082522.0,438328196.0,205667287.0,156154057.0,1524958036.0
Sindhudurg,Maharashtra,West,330780969.0,415207374.0,213565477.0,256413465.0,435715812.0,1651683097.0
Singrauli,MadhyaPradesh,Central,207266457.0,488854641.0,458641316.0,196926786.0,365462203.0,1717151403.0
Sirmaur,HimachalPradesh,North,480504777.0,423508408.0,130982390.0,133191930.0,149989318.0,1318176823.0
Sirohi,Rajasthan,North,391879025.0,197524949.0,300177007.0,104333628.0,142896817.0,1136811426.0
Sirsa,Haryana,North,413083285.0,177004303.0,471434676.0,345027009.0,107312234.0,1513861507.0
Sitamarhi,Bihar,East,218216498.0,189028596.0,236613056.0,194839320.0,274077578.0,1112775048.0
Sitapur,UttarPradesh,North,266484573.0,393026521.0,291924802.0,486059145.0,252043214.0,1689538255.0
Sivaganga,TamilNadu,South,174587237.0,127076021.0,309796442.0,186977752.0,241703543.0,1040140995.0
Sivasagar,Assam,East,346516312.0,345612964.0,119238868.0,159572130.0,132789086.0,1103729360.0
Siwan,Bihar,East,404025392.0,422812586.0,406064028.0,341120640.0,270378735.0,1844401381.0
Solan,HimachalPradesh,North,436997589.0,340998566.0,402548296.0,491564684.0,420517594.0,2092626729.0
Solapur,Maharashtra,West,109302041.0,449180578.0,362227241.0,181130405.0,382039857.0,1483880122.0
Sonbhadra,UttarPradesh,North,446275216.0,375057222.0,290020447.0,333954894.0,357332072.0,1802639851.0
Sonipat,Haryana,North,309979553.0,116797387.0,201748710.0,181154820.0,288445692.0,1098126162.0
Sonitpur,Assam,East,396798609.0,255156102.0,124817651.0,193948179.0,315301981.0,1286022522.0
Soreng,Sikkim,East,107898190.0,398959319.0,486083560.0,260173345.0,282830287.0,1535944701.0
South24Parganas,WestBengal,East,127149266.0,413742485.0,302862636.0,390194403.0,260039064.0,1493987854.0
SouthAndaman,AndamanandNicobar,South,145631275.0,101001007.0,350593585.0,105310220.0,178945280.0,881481367.0
SouthDelhi,Delhi,North,233915219.0,416891995.0,156056398.0,143617053.0,157679983.0,1108160648.0
SouthEastDelhi,Delhi,North,409311198.0,300946074.0,302801599.0,218253120.0,454673910.0,1685985901.0
SouthGaroHills,Meghalaya,East,108886989.0,331318095.0,306683554.0,274333933.0,225077059.0,1246299630.0
SouthGoa,Goa,West,379525132.0,192556535.0,191384625.0,151234473.0,192312387.0,1107013152.0
SouthSalmara-Mankachar,Assam,East,275774407.0,488512834.0,164467299.0,204080324.0,252848903.0,1385683767.0
SouthSikkim,Sikkim,East,425852230.0,426157415.0,150318918.0,163319803.0,485522020.0,1651170386.0
SouthTripura,Tripura,South,137635425.0,324298837.0,235575426.0,127686391.0,254545732.0,1079741811.0
SouthWestDelhi,Delhi,North,359419538.0,116235847.0,293304239.0,437327189.0,326398511.0,1532685324.0
SouthWestGaroHill,Meghalaya,East,406942961.0,373689993.0,492455825.0,410995819.0,235367900.0,1919452498.0
SouthWestKhasiHills,Meghalaya,East,208706931.0,389730522.0,422312083.0,161574144.0,141102328.0,1323426008.0
Sri.BalajiDist,AndhraPradesh,South,330439161.0,320209357.0,102417065.0,430735191.0,232450331.0,1416251105.0
SriGanganagar,Rajasthan,North,460618916.0,363338115.0,371126438.0,333283487.0,490014344.0,2018381300.0
SriMuktsarSahib,Punjab,North,200796533.0,133204138.0,314654988.0,270073550.0,197317423.0,1116046632.0
SriSatyasaiDistrict,AndhraPradesh,South,179213843.0,468138677.0,178225043.0,100146488.0,237553026.0,1163277077.0
Srikakulam,AndhraPradesh,South,432822657.0,100146488.0,118799401.0,288494522.0,429819636.0,1370082704.0
Srinagar,JammuandKashmir,North,132398449.0,369234291.0,150221259.0,224002808.0,478673666.0,1354530473.0
Subarnapur(Sonepur),Odisha,East,253520310.0,224698630.0,190383617.0,294573809.0,461644338.0,1424820704.0
Sukma,Chhattisgarh,Central,196743675.0,324225593.0,452891629.0,177895443.0,336811426.0,1488567766.0
Sultanpur,UttarPradesh,North,256596576.0,345735038.0,232206183.0,167275002.0,410422071.0,1412234870.0
Sundargarh,Odisha,East,471385846.0,459984131.0,388912626.0,473192542.0,141346476.0,1934821621.0
Supaul,Bihar,East,112744529.0,194936979.0,221036408.0,222989593.0,281682791.0,1033390300.0
Surajpur,Chhattisgarh,Central,257292398.0,307135228.0,314947966.0,445945616.0,310602130.0,1635923338.0
Surat,Gujarat,West,339289529.0,203213599.0,148597674.0,135084078.0,405197302.0,1231382182.0
Surendranagar,Gujarat,West,413791315.0,408383435.0,332062746.0,333027131.0,331086154.0,1818350781.0
Surguja,Chhattisgarh,Central,380990021.0,464781640.0,464244515.0,106152531.0,481200599.0,1897369306.0
Suryapet,Telangana,South,408078250.0,115210425.0,441636403.0,216348765.0,337897885.0,1519171728.0
Tamenglong,Manipur,East,110998870.0,484765161.0,191628773.0,309784234.0,469359417.0,1566536455.0
Tapi,Gujarat,West,182985931.0,141956846.0,362251656.0,486120182.0,331220435.0,1504535050.0
TarnTaran,Punjab,North,493371380.0,334296701.0,284783471.0,410153508.0,313483078.0,1836088138.0
Tawang,ArunachalPradesh,East,124842066.0,492016358.0,389938048.0,355476547.0,108081301.0,1470354320.0
TehriGarhwal,Uttarakhand,North,309161657.0,152992339.0,321796320.0,345527513.0,390829188.0,1520307017.0
Tengnoupal,Manipur,East,357771539.0,463560900.0,415695670.0,402963348.0,353669851.0,1993661308.0
Tenkasi,TamilNadu,South,331806391.0,359431746.0,400546282.0,251860103.0,333930479.0,1677575001.0
Thane,Maharashtra,West,410922575.0,216043580.0,365791803.0,499987793.0,310968352.0,1803714103.0
Thanjavur,TamilNadu,South,458665731.0,240140995.0,463426619.0,481579028.0,389547411.0,2033359784.0
Theni,TamilNadu,South,498156683.0,450852993.0,490270700.0,284722434.0,147389141.0,1871391951.0
Thiruvananthapuram,Kerela,South,402365185.0,307367168.0,434141057.0,250224311.0,447715690.0,1841813411.0
Thoothukudi,TamilNadu,South,499255349.0,106567583.0,163380840.0,292388684.0,399789423.0,1461381879.0
Thoubal,Manipur,East,233378094.0,390707114.0,153358562.0,289434492.0,225370037.0,1292248299.0
Thrissur,Kerela,South,413083285.0,158119449.0,255595569.0,197268593.0,374422437.0,1398489333.0
Tikamgarh,MadhyaPradesh,Central,130494094.0,160780663.0,281804865.0,118897061.0,499938963.0,1191915646.0
Tinsukia,Assam,East,493481247.0,141822565.0,492895291.0,130909146.0,404684591.0,1663792840.0
Tirap,ArunachalPradesh,East,221134068.0,213687551.0,107873775.0,408847316.0,158253731.0,1109796441.0
Tiruchirappalli,TamilNadu,South,302533036.0,415610218.0,441392255.0,357918027.0,360078738.0,1877532274.0
Tirunelveli,TamilNadu,South,468785669.0,234025086.0,377181311.0,149635303.0,470799891.0,1700427260.0
Tirupattur,TamilNadu,South,216080202.0,486681723.0,311542100.0,141676076.0,493102817.0,1649082918.0
Tiruppur,TamilNadu,South,299786370.0,205679494.0,358613849.0,244877468.0,280364391.0,1389321572.0
Tiruvallur,TamilNadu,South,445127720.0,174733726.0,215359966.0,245500046.0,377779473.0,1458500931.0
Tiruvannamalai,TamilNadu,South,492187262.0,181105990.0,330634480.0,165736869.0,211465804.0,1381130405.0
Tiruvarur,TamilNadu,South,276763207.0,200747703.0,240702536.0,460692160.0,454478592.0,1633384198.0
Tonk,Rajasthan,North,112158574.0,435239723.0,316217536.0,494347973.0,381746880.0,1739710686.0
Tseminyü,Nagaland,East,423789178.0,316022218.0,349800104.0,397299112.0,167494735.0,1654405347.0
Tuensang,Nagaland,East,241239662.0,299517808.0,188344981.0,224417859.0,327790155.0,1281310465.0
Tumakuru,Karnataka,East,283135472.0,348530534.0,269817194.0,436924345.0,292425306.0,1630832851.0
Udaipur,Rajasthan,North,399301126.0,272026734.0,183706168.0,140833765.0,147474593.0,1143342386.0
Udalguri,Assam,East,435264138.0,341596729.0,367281106.0,439487900.0,224918363.0,1808548236.0
UdhamSinghNagar,Uttarakhand,North,184902493.0,374214912.0,407138280.0,359639271.0,187148655.0,1513043611.0
Udhampur,JammuandKashmir,North,307599109.0,379415266.0,476244393.0,484716331.0,455174414.0,2103149513.0
Udupi,Karnataka,East,206057924.0,172963652.0,104077272.0,149476607.0,294500565.0,927076020.0
Ujjain,MadhyaPradesh,Central,401486252.0,397872860.0,200723288.0,130787072.0,380782495.0,1511651967.0
Ukhrul,Manipur,East,136439100.0,392440565.0,419113743.0,268193609.0,194448683.0,1410635700.0
Umaria,MadhyaPradesh,Central,342060610.0,428989532.0,142469557.0,419553209.0,314423048.0,1647495956.0
Una,HimachalPradesh,North,394686728.0,342023988.0,431687369.0,344026002.0,333942686.0,1846366773.0
Unakoti,Tripura,South,221170690.0,209146397.0,393185217.0,162623981.0,193313394.0,1179439679.0
Unnao,UttarPradesh,North,440391248.0,358772546.0,319232765.0,269792779.0,186062196.0,1574251534.0
UpperSiang,ArunachalPradesh,East,144276253.0,309784234.0,163490707.0,388998078.0,440672018.0,1447221290.0
UpperSubansiri,ArunachalPradesh,East,436851101.0,387435530.0,139991454.0,404367199.0,240275277.0,1608920561.0
UttarDinajpur,WestBengal,East,267278054.0,358308664.0,257792901.0,309369182.0,301190222.0,1493939023.0
UttaraKannada,Karnataka,East,223392437.0,322040468.0,438718833.0,445152135.0,373433638.0,1802737511.0
Uttarkashi,Uttarakhand,North,332880642.0,360737938.0,232694479.0,498474075.0,211465804.0,1636252938.0
Vadodara,Gujarat,West,233182775.0,153541673.0,299395734.0,383834346.0,436240730.0,1506195258.0
Vaishali,Bihar,East,396078372.0,328986480.0,459581286.0,206985687.0,165810113.0,1557441938.0
Valsad,Gujarat,West,346821497.0,456834621.0,266142766.0,426218452.0,163832514.0,1659849850.0
Varanasi,UttarPradesh,North,341718803.0,336188849.0,244096194.0,419711906.0,475109104.0,1816824856.0
Vellore,TamilNadu,South,414670248.0,403268533.0,384884182.0,371895505.0,293194372.0,1867912840.0
Vidisha,MadhyaPradesh,Central,115369121.0,264250618.0,137256996.0,434897916.0,165187536.0,1116962187.0
Vijayanagara,Karnataka,East,294903409.0,164394055.0,395419172.0,160231330.0,163014618.0,1177962584.0
Vijayapura,Karnataka,East,450267037.0,339875485.0,102673421.0,462120426.0,411899167.0,1766835536.0
Vikarabad,Telangana,South,313348796.0,335273293.0,119043549.0,336054567.0,228983428.0,1332703633.0
Viluppuram,TamilNadu,South,448411512.0,126807458.0,355366680.0,190701010.0,384810938.0,1506097598.0
Virudhunagar,TamilNadu,South,312860500.0,365388959.0,394515824.0,456968902.0,290203558.0,1819937743.0
Vishakhapatnam,AndhraPradesh,South,454515214.0,435044405.0,327863399.0,151393170.0,159035004.0,1527851192.0
Vizianagaram,AndhraPradesh,South,348811304.0,198977630.0,417233803.0,374739830.0,309723197.0,1649485764.0
Wanaparthy,Telangana,South,171303445.0,322211371.0,412253182.0,484777368.0,326545000.0,1717090366.0
Warangal,Telangana,South,361299478.0,162611774.0,284746849.0,211758781.0,335407575.0,1355824457.0
Wardha,Maharashtra,West,145643482.0,113501388.0,169862972.0,394186224.0,321332438.0,1144526504.0
Washim,Maharashtra,West,398776208.0,212234870.0,367085788.0,119031342.0,207254249.0,1304382457.0
Wayanad,Kerela,South,322931608.0,177932065.0,290008240.0,386446730.0,207632679.0,1384951322.0
WestDelhi,Delhi,North,455735954.0,198159734.0,219278542.0,491747796.0,223685415.0,1588607441.0
WestGaroHills,Meghalaya,East,285332804.0,379793695.0,388229011.0,467735832.0,374044008.0,1895135350.0
WestGodavari,AndhraPradesh,South,349250771.0,296246223.0,461473434.0,338373974.0,216360973.0,1661705375.0
WestJaintiaHills,Meghalaya,East,243070772.0,404660177.0,416074099.0,486852627.0,178774376.0,1729432051.0
WestKameng,ArunachalPradesh,East,260112308.0,373909726.0,244450209.0,401510666.0,410788293.0,1690771202.0
WestKarbiAnglong,Assam,East,113098544.0,363289285.0,323761712.0,343501084.0,278289132.0,1421939757.0
WestKhasiHills,Meghalaya,East,132227546.0,358211005.0,499169897.0,185830256.0,498596149.0,1674034853.0
WestSiang,ArunachalPradesh,East,182021546.0,349800104.0,165907773.0,467662588.0,387032686.0,1552424697.0
WestSikkim,Sikkim,East,481969665.0,463524278.0,226322214.0,355146947.0,297991882.0,1824954986.0
WestSinghbhum,Jharkhand,East,126587725.0,211136204.0,185390789.0,332758568.0,419162572.0,1275035858.0
WestTripura,Tripura,South,173073519.0,351765496.0,261613819.0,194875942.0,204898221.0,1186226997.0
Wokha,Nagaland,East,424936674.0,385787530.0,324372082.0,311407819.0,143238624.0,1589742729.0
YSRKadapa,AndhraPradesh,South,377156896.0,147804193.0,164796899.0,462694174.0,115186010.0,1267638172.0
YadadriBhuvanagiri,Telangana,South,495507676.0,286809900.0,304217658.0,459874264.0,423776971.0,1970186469.0
Yadgiri,Karnataka,East,163258766.0,252201910.0,120935697.0,214139225.0,318109684.0,1068645282.0
Yamunanagar,Haryana,North,185305337.0,172731711.0,373921934.0,287627796.0,171828364.0,1191415142.0
Yanam,Puducherry,South,238236640.0,177919858.0,117603076.0,225284585.0,313275552.0,1072319711.0
Yavatmal,Maharashtra,West,129663991.0,143202002.0,334260079.0,144044312.0,132032227.0,883202611.0
Zanskar,Ladakh,North,381087680.0,321893979.0,422263253.0,339313944.0,174135563.0,1638694419.0
Zunheboto,Nagaland,East,264738914.0,261577196.0,150196844.0,157679983.0,182937101.0,1017130038.0
